idx,filename,filepath,category
0,4 (20).wav,M4/4 (20).wav,M4
1,4 (99).wav,M4/4 (99).wav,M4
2,4 (84).wav,M4/4 (84).wav,M4
3,4 (56).wav,M4/4 (56).wav,M4
4,4 (27).wav,M4/4 (27).wav,M4
5,4 (87).wav,M4/4 (87).wav,M4
6,4 (52).wav,M4/4 (52).wav,M4
7,4 (69).wav,M4/4 (69).wav,M4
8,4 (89).wav,M4/4 (89).wav,M4
9,4 (77).wav,M4/4 (77).wav,M4
10,4 (15).wav,M4/4 (15).wav,M4
11,4 (61).wav,M4/4 (61).wav,M4
12,4 (28).wav,M4/4 (28).wav,M4
13,4 (5).wav,M4/4 (5).wav,M4
14,4 (34).wav,M4/4 (34).wav,M4
15,4 (2).wav,M4/4 (2).wav,M4
16,4 (95).wav,M4/4 (95).wav,M4
17,4 (68).wav,M4/4 (68).wav,M4
18,4 (39).wav,M4/4 (39).wav,M4
19,4 (80).wav,M4/4 (80).wav,M4
20,4 (55).wav,M4/4 (55).wav,M4
21,4 (37).wav,M4/4 (37).wav,M4
22,4 (23).wav,M4/4 (23).wav,M4
23,4 (14).wav,M4/4 (14).wav,M4
24,4 (9).wav,M4/4 (9).wav,M4
25,4 (45).wav,M4/4 (45).wav,M4
26,4 (91).wav,M4/4 (91).wav,M4
27,4 (3).wav,M4/4 (3).wav,M4
28,4 (82).wav,M4/4 (82).wav,M4
29,4 (76).wav,M4/4 (76).wav,M4
30,4 (25).wav,M4/4 (25).wav,M4
31,4 (21).wav,M4/4 (21).wav,M4
32,4 (18).wav,M4/4 (18).wav,M4
33,4 (22).wav,M4/4 (22).wav,M4
34,4 (72).wav,M4/4 (72).wav,M4
35,4 (44).wav,M4/4 (44).wav,M4
36,4 (29).wav,M4/4 (29).wav,M4
37,4 (17).wav,M4/4 (17).wav,M4
38,4 (51).wav,M4/4 (51).wav,M4
39,4 (71).wav,M4/4 (71).wav,M4
40,4 (70).wav,M4/4 (70).wav,M4
41,4 (54).wav,M4/4 (54).wav,M4
42,4 (67).wav,M4/4 (67).wav,M4
43,4 (73).wav,M4/4 (73).wav,M4
44,4 (98).wav,M4/4 (98).wav,M4
45,4 (53).wav,M4/4 (53).wav,M4
46,4 (33).wav,M4/4 (33).wav,M4
47,4 (4).wav,M4/4 (4).wav,M4
48,4 (85).wav,M4/4 (85).wav,M4
49,4 (92).wav,M4/4 (92).wav,M4
50,4 (65).wav,M4/4 (65).wav,M4
51,4 (81).wav,M4/4 (81).wav,M4
52,4 (75).wav,M4/4 (75).wav,M4
53,4 (36).wav,M4/4 (36).wav,M4
54,4 (78).wav,M4/4 (78).wav,M4
55,4 (1).wav,M4/4 (1).wav,M4
56,4 (49).wav,M4/4 (49).wav,M4
57,4 (7).wav,M4/4 (7).wav,M4
58,4 (26).wav,M4/4 (26).wav,M4
59,4 (40).wav,M4/4 (40).wav,M4
60,4 (35).wav,M4/4 (35).wav,M4
61,4 (6).wav,M4/4 (6).wav,M4
62,4 (96).wav,M4/4 (96).wav,M4
63,4 (31).wav,M4/4 (31).wav,M4
64,4 (97).wav,M4/4 (97).wav,M4
65,4 (13).wav,M4/4 (13).wav,M4
66,4 (74).wav,M4/4 (74).wav,M4
67,4 (90).wav,M4/4 (90).wav,M4
68,4 (30).wav,M4/4 (30).wav,M4
69,4 (83).wav,M4/4 (83).wav,M4
70,4 (42).wav,M4/4 (42).wav,M4
71,4 (48).wav,M4/4 (48).wav,M4
72,4 (32).wav,M4/4 (32).wav,M4
73,4 (10).wav,M4/4 (10).wav,M4
74,4 (100).wav,M4/4 (100).wav,M4
75,4 (46).wav,M4/4 (46).wav,M4
76,4 (43).wav,M4/4 (43).wav,M4
77,4 (64).wav,M4/4 (64).wav,M4
78,4 (57).wav,M4/4 (57).wav,M4
79,4 (24).wav,M4/4 (24).wav,M4
80,4 (60).wav,M4/4 (60).wav,M4
81,4 (16).wav,M4/4 (16).wav,M4
82,4 (66).wav,M4/4 (66).wav,M4
83,4 (19).wav,M4/4 (19).wav,M4
84,4 (47).wav,M4/4 (47).wav,M4
85,4 (12).wav,M4/4 (12).wav,M4
86,4 (62).wav,M4/4 (62).wav,M4
87,4 (93).wav,M4/4 (93).wav,M4
88,4 (79).wav,M4/4 (79).wav,M4
89,4 (58).wav,M4/4 (58).wav,M4
90,4 (59).wav,M4/4 (59).wav,M4
91,4 (11).wav,M4/4 (11).wav,M4
92,4 (38).wav,M4/4 (38).wav,M4
93,4 (8).wav,M4/4 (8).wav,M4
94,4 (63).wav,M4/4 (63).wav,M4
95,4 (88).wav,M4/4 (88).wav,M4
96,4 (86).wav,M4/4 (86).wav,M4
97,4 (41).wav,M4/4 (41).wav,M4
98,4 (50).wav,M4/4 (50).wav,M4
99,4 (94).wav,M4/4 (94).wav,M4
100,8 (51).wav,MP5/8 (51).wav,MP5
101,8 (43).wav,MP5/8 (43).wav,MP5
102,8 (23).wav,MP5/8 (23).wav,MP5
103,8 (11).wav,MP5/8 (11).wav,MP5
104,8 (97).wav,MP5/8 (97).wav,MP5
105,8 (33).wav,MP5/8 (33).wav,MP5
106,8 (95).wav,MP5/8 (95).wav,MP5
107,8 (70).wav,MP5/8 (70).wav,MP5
108,8 (22).wav,MP5/8 (22).wav,MP5
109,8 (37).wav,MP5/8 (37).wav,MP5
110,8 (99).wav,MP5/8 (99).wav,MP5
111,8 (80).wav,MP5/8 (80).wav,MP5
112,8 (30).wav,MP5/8 (30).wav,MP5
113,8 (69).wav,MP5/8 (69).wav,MP5
114,8 (62).wav,MP5/8 (62).wav,MP5
115,8 (82).wav,MP5/8 (82).wav,MP5
116,8 (27).wav,MP5/8 (27).wav,MP5
117,8 (64).wav,MP5/8 (64).wav,MP5
118,8 (38).wav,MP5/8 (38).wav,MP5
119,8 (68).wav,MP5/8 (68).wav,MP5
120,8 (9).wav,MP5/8 (9).wav,MP5
121,8 (25).wav,MP5/8 (25).wav,MP5
122,8 (72).wav,MP5/8 (72).wav,MP5
123,8 (75).wav,MP5/8 (75).wav,MP5
124,8 (26).wav,MP5/8 (26).wav,MP5
125,8 (58).wav,MP5/8 (58).wav,MP5
126,8 (48).wav,MP5/8 (48).wav,MP5
127,8 (12).wav,MP5/8 (12).wav,MP5
128,8 (54).wav,MP5/8 (54).wav,MP5
129,8 (56).wav,MP5/8 (56).wav,MP5
130,8 (100).wav,MP5/8 (100).wav,MP5
131,8 (73).wav,MP5/8 (73).wav,MP5
132,8 (98).wav,MP5/8 (98).wav,MP5
133,8 (28).wav,MP5/8 (28).wav,MP5
134,8 (6).wav,MP5/8 (6).wav,MP5
135,8 (3).wav,MP5/8 (3).wav,MP5
136,8 (7).wav,MP5/8 (7).wav,MP5
137,8 (1).wav,MP5/8 (1).wav,MP5
138,8 (93).wav,MP5/8 (93).wav,MP5
139,8 (76).wav,MP5/8 (76).wav,MP5
140,8 (18).wav,MP5/8 (18).wav,MP5
141,8 (41).wav,MP5/8 (41).wav,MP5
142,8 (35).wav,MP5/8 (35).wav,MP5
143,8 (14).wav,MP5/8 (14).wav,MP5
144,8 (52).wav,MP5/8 (52).wav,MP5
145,8 (53).wav,MP5/8 (53).wav,MP5
146,8 (46).wav,MP5/8 (46).wav,MP5
147,8 (39).wav,MP5/8 (39).wav,MP5
148,8 (21).wav,MP5/8 (21).wav,MP5
149,8 (59).wav,MP5/8 (59).wav,MP5
150,8 (67).wav,MP5/8 (67).wav,MP5
151,8 (44).wav,MP5/8 (44).wav,MP5
152,8 (34).wav,MP5/8 (34).wav,MP5
153,8 (90).wav,MP5/8 (90).wav,MP5
154,8 (31).wav,MP5/8 (31).wav,MP5
155,8 (89).wav,MP5/8 (89).wav,MP5
156,8 (10).wav,MP5/8 (10).wav,MP5
157,8 (84).wav,MP5/8 (84).wav,MP5
158,8 (13).wav,MP5/8 (13).wav,MP5
159,8 (36).wav,MP5/8 (36).wav,MP5
160,8 (55).wav,MP5/8 (55).wav,MP5
161,8 (24).wav,MP5/8 (24).wav,MP5
162,8 (85).wav,MP5/8 (85).wav,MP5
163,8 (96).wav,MP5/8 (96).wav,MP5
164,8 (60).wav,MP5/8 (60).wav,MP5
165,8 (40).wav,MP5/8 (40).wav,MP5
166,8 (77).wav,MP5/8 (77).wav,MP5
167,8 (92).wav,MP5/8 (92).wav,MP5
168,8 (94).wav,MP5/8 (94).wav,MP5
169,8 (78).wav,MP5/8 (78).wav,MP5
170,8 (91).wav,MP5/8 (91).wav,MP5
171,8 (49).wav,MP5/8 (49).wav,MP5
172,8 (29).wav,MP5/8 (29).wav,MP5
173,8 (2).wav,MP5/8 (2).wav,MP5
174,8 (63).wav,MP5/8 (63).wav,MP5
175,8 (86).wav,MP5/8 (86).wav,MP5
176,8 (42).wav,MP5/8 (42).wav,MP5
177,8 (15).wav,MP5/8 (15).wav,MP5
178,8 (20).wav,MP5/8 (20).wav,MP5
179,8 (16).wav,MP5/8 (16).wav,MP5
180,8 (65).wav,MP5/8 (65).wav,MP5
181,8 (71).wav,MP5/8 (71).wav,MP5
182,8 (74).wav,MP5/8 (74).wav,MP5
183,8 (79).wav,MP5/8 (79).wav,MP5
184,8 (83).wav,MP5/8 (83).wav,MP5
185,8 (17).wav,MP5/8 (17).wav,MP5
186,8 (88).wav,MP5/8 (88).wav,MP5
187,8 (8).wav,MP5/8 (8).wav,MP5
188,8 (5).wav,MP5/8 (5).wav,MP5
189,8 (47).wav,MP5/8 (47).wav,MP5
190,8 (32).wav,MP5/8 (32).wav,MP5
191,8 (45).wav,MP5/8 (45).wav,MP5
192,8 (81).wav,MP5/8 (81).wav,MP5
193,8 (57).wav,MP5/8 (57).wav,MP5
194,8 (66).wav,MP5/8 (66).wav,MP5
195,8 (19).wav,MP5/8 (19).wav,MP5
196,8 (50).wav,MP5/8 (50).wav,MP5
197,8 (4).wav,MP5/8 (4).wav,MP5
198,8 (87).wav,MP5/8 (87).wav,MP5
199,8 (61).wav,MP5/8 (61).wav,MP5
200,9 (81).wav,Zastava M92/9 (81).wav,Zastava M92
201,9 (69).wav,Zastava M92/9 (69).wav,Zastava M92
202,9 (82).wav,Zastava M92/9 (82).wav,Zastava M92
203,9 (9).wav,Zastava M92/9 (9).wav,Zastava M92
204,9 (15).wav,Zastava M92/9 (15).wav,Zastava M92
205,9 (47).wav,Zastava M92/9 (47).wav,Zastava M92
206,9 (13).wav,Zastava M92/9 (13).wav,Zastava M92
207,9 (63).wav,Zastava M92/9 (63).wav,Zastava M92
208,9 (54).wav,Zastava M92/9 (54).wav,Zastava M92
209,9 (38).wav,Zastava M92/9 (38).wav,Zastava M92
210,9 (14).wav,Zastava M92/9 (14).wav,Zastava M92
211,9 (44).wav,Zastava M92/9 (44).wav,Zastava M92
212,9 (5).wav,Zastava M92/9 (5).wav,Zastava M92
213,9 (11).wav,Zastava M92/9 (11).wav,Zastava M92
214,9 (68).wav,Zastava M92/9 (68).wav,Zastava M92
215,9 (60).wav,Zastava M92/9 (60).wav,Zastava M92
216,9 (12).wav,Zastava M92/9 (12).wav,Zastava M92
217,9 (16).wav,Zastava M92/9 (16).wav,Zastava M92
218,9 (72).wav,Zastava M92/9 (72).wav,Zastava M92
219,9 (51).wav,Zastava M92/9 (51).wav,Zastava M92
220,9 (31).wav,Zastava M92/9 (31).wav,Zastava M92
221,9 (22).wav,Zastava M92/9 (22).wav,Zastava M92
222,9 (79).wav,Zastava M92/9 (79).wav,Zastava M92
223,9 (61).wav,Zastava M92/9 (61).wav,Zastava M92
224,9 (62).wav,Zastava M92/9 (62).wav,Zastava M92
225,9 (25).wav,Zastava M92/9 (25).wav,Zastava M92
226,9 (29).wav,Zastava M92/9 (29).wav,Zastava M92
227,9 (3).wav,Zastava M92/9 (3).wav,Zastava M92
228,9 (34).wav,Zastava M92/9 (34).wav,Zastava M92
229,9 (36).wav,Zastava M92/9 (36).wav,Zastava M92
230,9 (53).wav,Zastava M92/9 (53).wav,Zastava M92
231,9 (23).wav,Zastava M92/9 (23).wav,Zastava M92
232,9 (21).wav,Zastava M92/9 (21).wav,Zastava M92
233,9 (64).wav,Zastava M92/9 (64).wav,Zastava M92
234,9 (75).wav,Zastava M92/9 (75).wav,Zastava M92
235,9 (66).wav,Zastava M92/9 (66).wav,Zastava M92
236,9 (4).wav,Zastava M92/9 (4).wav,Zastava M92
237,9 (55).wav,Zastava M92/9 (55).wav,Zastava M92
238,9 (70).wav,Zastava M92/9 (70).wav,Zastava M92
239,9 (19).wav,Zastava M92/9 (19).wav,Zastava M92
240,9 (37).wav,Zastava M92/9 (37).wav,Zastava M92
241,9 (73).wav,Zastava M92/9 (73).wav,Zastava M92
242,9 (71).wav,Zastava M92/9 (71).wav,Zastava M92
243,9 (24).wav,Zastava M92/9 (24).wav,Zastava M92
244,9 (80).wav,Zastava M92/9 (80).wav,Zastava M92
245,9 (18).wav,Zastava M92/9 (18).wav,Zastava M92
246,9 (50).wav,Zastava M92/9 (50).wav,Zastava M92
247,9 (49).wav,Zastava M92/9 (49).wav,Zastava M92
248,9 (67).wav,Zastava M92/9 (67).wav,Zastava M92
249,9 (78).wav,Zastava M92/9 (78).wav,Zastava M92
250,9 (58).wav,Zastava M92/9 (58).wav,Zastava M92
251,9 (39).wav,Zastava M92/9 (39).wav,Zastava M92
252,9 (33).wav,Zastava M92/9 (33).wav,Zastava M92
253,9 (65).wav,Zastava M92/9 (65).wav,Zastava M92
254,9 (77).wav,Zastava M92/9 (77).wav,Zastava M92
255,9 (28).wav,Zastava M92/9 (28).wav,Zastava M92
256,9 (46).wav,Zastava M92/9 (46).wav,Zastava M92
257,9 (17).wav,Zastava M92/9 (17).wav,Zastava M92
258,9 (35).wav,Zastava M92/9 (35).wav,Zastava M92
259,9 (45).wav,Zastava M92/9 (45).wav,Zastava M92
260,9 (20).wav,Zastava M92/9 (20).wav,Zastava M92
261,9 (40).wav,Zastava M92/9 (40).wav,Zastava M92
262,9 (27).wav,Zastava M92/9 (27).wav,Zastava M92
263,9 (8).wav,Zastava M92/9 (8).wav,Zastava M92
264,9 (76).wav,Zastava M92/9 (76).wav,Zastava M92
265,9 (56).wav,Zastava M92/9 (56).wav,Zastava M92
266,9 (2).wav,Zastava M92/9 (2).wav,Zastava M92
267,9 (59).wav,Zastava M92/9 (59).wav,Zastava M92
268,9 (6).wav,Zastava M92/9 (6).wav,Zastava M92
269,9 (32).wav,Zastava M92/9 (32).wav,Zastava M92
270,9 (48).wav,Zastava M92/9 (48).wav,Zastava M92
271,9 (42).wav,Zastava M92/9 (42).wav,Zastava M92
272,9 (30).wav,Zastava M92/9 (30).wav,Zastava M92
273,9 (26).wav,Zastava M92/9 (26).wav,Zastava M92
274,9 (52).wav,Zastava M92/9 (52).wav,Zastava M92
275,9 (41).wav,Zastava M92/9 (41).wav,Zastava M92
276,9 (43).wav,Zastava M92/9 (43).wav,Zastava M92
277,9 (74).wav,Zastava M92/9 (74).wav,Zastava M92
278,9 (1).wav,Zastava M92/9 (1).wav,Zastava M92
279,9 (10).wav,Zastava M92/9 (10).wav,Zastava M92
280,9 (57).wav,Zastava M92/9 (57).wav,Zastava M92
281,9 (7).wav,Zastava M92/9 (7).wav,Zastava M92
282,6 (15).wav,M249/6 (15).wav,M249
283,6 (4).wav,M249/6 (4).wav,M249
284,6 (86).wav,M249/6 (86).wav,M249
285,6 (80).wav,M249/6 (80).wav,M249
286,6 (23).wav,M249/6 (23).wav,M249
287,6 (41).wav,M249/6 (41).wav,M249
288,6 (73).wav,M249/6 (73).wav,M249
289,6 (75).wav,M249/6 (75).wav,M249
290,6 (25).wav,M249/6 (25).wav,M249
291,6 (90).wav,M249/6 (90).wav,M249
292,6 (59).wav,M249/6 (59).wav,M249
293,6 (92).wav,M249/6 (92).wav,M249
294,6 (32).wav,M249/6 (32).wav,M249
295,6 (13).wav,M249/6 (13).wav,M249
296,6 (98).wav,M249/6 (98).wav,M249
297,6 (38).wav,M249/6 (38).wav,M249
298,6 (70).wav,M249/6 (70).wav,M249
299,6 (2).wav,M249/6 (2).wav,M249
300,6 (60).wav,M249/6 (60).wav,M249
301,6 (21).wav,M249/6 (21).wav,M249
302,6 (44).wav,M249/6 (44).wav,M249
303,6 (85).wav,M249/6 (85).wav,M249
304,6 (34).wav,M249/6 (34).wav,M249
305,6 (1).wav,M249/6 (1).wav,M249
306,6 (6).wav,M249/6 (6).wav,M249
307,6 (96).wav,M249/6 (96).wav,M249
308,6 (67).wav,M249/6 (67).wav,M249
309,6 (58).wav,M249/6 (58).wav,M249
310,6 (39).wav,M249/6 (39).wav,M249
311,6 (69).wav,M249/6 (69).wav,M249
312,6 (62).wav,M249/6 (62).wav,M249
313,6 (19).wav,M249/6 (19).wav,M249
314,6 (93).wav,M249/6 (93).wav,M249
315,6 (84).wav,M249/6 (84).wav,M249
316,6 (36).wav,M249/6 (36).wav,M249
317,6 (66).wav,M249/6 (66).wav,M249
318,6 (54).wav,M249/6 (54).wav,M249
319,6 (72).wav,M249/6 (72).wav,M249
320,6 (49).wav,M249/6 (49).wav,M249
321,6 (88).wav,M249/6 (88).wav,M249
322,6 (3).wav,M249/6 (3).wav,M249
323,6 (57).wav,M249/6 (57).wav,M249
324,6 (81).wav,M249/6 (81).wav,M249
325,6 (16).wav,M249/6 (16).wav,M249
326,6 (63).wav,M249/6 (63).wav,M249
327,6 (71).wav,M249/6 (71).wav,M249
328,6 (24).wav,M249/6 (24).wav,M249
329,6 (30).wav,M249/6 (30).wav,M249
330,6 (28).wav,M249/6 (28).wav,M249
331,6 (77).wav,M249/6 (77).wav,M249
332,6 (76).wav,M249/6 (76).wav,M249
333,6 (8).wav,M249/6 (8).wav,M249
334,6 (99).wav,M249/6 (99).wav,M249
335,6 (5).wav,M249/6 (5).wav,M249
336,6 (74).wav,M249/6 (74).wav,M249
337,6 (22).wav,M249/6 (22).wav,M249
338,6 (68).wav,M249/6 (68).wav,M249
339,6 (33).wav,M249/6 (33).wav,M249
340,6 (94).wav,M249/6 (94).wav,M249
341,6 (40).wav,M249/6 (40).wav,M249
342,6 (37).wav,M249/6 (37).wav,M249
343,6 (87).wav,M249/6 (87).wav,M249
344,6 (55).wav,M249/6 (55).wav,M249
345,6 (51).wav,M249/6 (51).wav,M249
346,6 (83).wav,M249/6 (83).wav,M249
347,6 (29).wav,M249/6 (29).wav,M249
348,6 (11).wav,M249/6 (11).wav,M249
349,6 (78).wav,M249/6 (78).wav,M249
350,6 (10).wav,M249/6 (10).wav,M249
351,6 (47).wav,M249/6 (47).wav,M249
352,6 (56).wav,M249/6 (56).wav,M249
353,6 (95).wav,M249/6 (95).wav,M249
354,6 (12).wav,M249/6 (12).wav,M249
355,6 (46).wav,M249/6 (46).wav,M249
356,6 (7).wav,M249/6 (7).wav,M249
357,6 (20).wav,M249/6 (20).wav,M249
358,6 (97).wav,M249/6 (97).wav,M249
359,6 (26).wav,M249/6 (26).wav,M249
360,6 (48).wav,M249/6 (48).wav,M249
361,6 (18).wav,M249/6 (18).wav,M249
362,6 (9).wav,M249/6 (9).wav,M249
363,6 (65).wav,M249/6 (65).wav,M249
364,6 (31).wav,M249/6 (31).wav,M249
365,6 (17).wav,M249/6 (17).wav,M249
366,6 (79).wav,M249/6 (79).wav,M249
367,6 (61).wav,M249/6 (61).wav,M249
368,6 (42).wav,M249/6 (42).wav,M249
369,6 (14).wav,M249/6 (14).wav,M249
370,6 (89).wav,M249/6 (89).wav,M249
371,6 (82).wav,M249/6 (82).wav,M249
372,6 (50).wav,M249/6 (50).wav,M249
373,6 (45).wav,M249/6 (45).wav,M249
374,6 (64).wav,M249/6 (64).wav,M249
375,6 (35).wav,M249/6 (35).wav,M249
376,6 (53).wav,M249/6 (53).wav,M249
377,6 (91).wav,M249/6 (91).wav,M249
378,6 (52).wav,M249/6 (52).wav,M249
379,6 (43).wav,M249/6 (43).wav,M249
380,6 (27).wav,M249/6 (27).wav,M249
381,2 (54).wav,IMI Desert Eagle/2 (54).wav,IMI Desert Eagle
382,2 (52).wav,IMI Desert Eagle/2 (52).wav,IMI Desert Eagle
383,2 (7).wav,IMI Desert Eagle/2 (7).wav,IMI Desert Eagle
384,2 (31).wav,IMI Desert Eagle/2 (31).wav,IMI Desert Eagle
385,2 (84).wav,IMI Desert Eagle/2 (84).wav,IMI Desert Eagle
386,2 (60).wav,IMI Desert Eagle/2 (60).wav,IMI Desert Eagle
387,2 (8).wav,IMI Desert Eagle/2 (8).wav,IMI Desert Eagle
388,2 (68).wav,IMI Desert Eagle/2 (68).wav,IMI Desert Eagle
389,2 (37).wav,IMI Desert Eagle/2 (37).wav,IMI Desert Eagle
390,2 (28).wav,IMI Desert Eagle/2 (28).wav,IMI Desert Eagle
391,2 (21).wav,IMI Desert Eagle/2 (21).wav,IMI Desert Eagle
392,2 (99).wav,IMI Desert Eagle/2 (99).wav,IMI Desert Eagle
393,2 (44).wav,IMI Desert Eagle/2 (44).wav,IMI Desert Eagle
394,2 (91).wav,IMI Desert Eagle/2 (91).wav,IMI Desert Eagle
395,2 (51).wav,IMI Desert Eagle/2 (51).wav,IMI Desert Eagle
396,2 (39).wav,IMI Desert Eagle/2 (39).wav,IMI Desert Eagle
397,2 (100).wav,IMI Desert Eagle/2 (100).wav,IMI Desert Eagle
398,2 (78).wav,IMI Desert Eagle/2 (78).wav,IMI Desert Eagle
399,2 (45).wav,IMI Desert Eagle/2 (45).wav,IMI Desert Eagle
400,2 (35).wav,IMI Desert Eagle/2 (35).wav,IMI Desert Eagle
401,2 (57).wav,IMI Desert Eagle/2 (57).wav,IMI Desert Eagle
402,2 (56).wav,IMI Desert Eagle/2 (56).wav,IMI Desert Eagle
403,2 (10).wav,IMI Desert Eagle/2 (10).wav,IMI Desert Eagle
404,2 (19).wav,IMI Desert Eagle/2 (19).wav,IMI Desert Eagle
405,2 (5).wav,IMI Desert Eagle/2 (5).wav,IMI Desert Eagle
406,2 (30).wav,IMI Desert Eagle/2 (30).wav,IMI Desert Eagle
407,2 (93).wav,IMI Desert Eagle/2 (93).wav,IMI Desert Eagle
408,2 (14).wav,IMI Desert Eagle/2 (14).wav,IMI Desert Eagle
409,2 (92).wav,IMI Desert Eagle/2 (92).wav,IMI Desert Eagle
410,2 (71).wav,IMI Desert Eagle/2 (71).wav,IMI Desert Eagle
411,2 (76).wav,IMI Desert Eagle/2 (76).wav,IMI Desert Eagle
412,2 (96).wav,IMI Desert Eagle/2 (96).wav,IMI Desert Eagle
413,2 (65).wav,IMI Desert Eagle/2 (65).wav,IMI Desert Eagle
414,2 (88).wav,IMI Desert Eagle/2 (88).wav,IMI Desert Eagle
415,2 (23).wav,IMI Desert Eagle/2 (23).wav,IMI Desert Eagle
416,2 (95).wav,IMI Desert Eagle/2 (95).wav,IMI Desert Eagle
417,2 (11).wav,IMI Desert Eagle/2 (11).wav,IMI Desert Eagle
418,2 (75).wav,IMI Desert Eagle/2 (75).wav,IMI Desert Eagle
419,2 (83).wav,IMI Desert Eagle/2 (83).wav,IMI Desert Eagle
420,2 (12).wav,IMI Desert Eagle/2 (12).wav,IMI Desert Eagle
421,2 (73).wav,IMI Desert Eagle/2 (73).wav,IMI Desert Eagle
422,2 (53).wav,IMI Desert Eagle/2 (53).wav,IMI Desert Eagle
423,2 (50).wav,IMI Desert Eagle/2 (50).wav,IMI Desert Eagle
424,2 (90).wav,IMI Desert Eagle/2 (90).wav,IMI Desert Eagle
425,2 (36).wav,IMI Desert Eagle/2 (36).wav,IMI Desert Eagle
426,2 (40).wav,IMI Desert Eagle/2 (40).wav,IMI Desert Eagle
427,2 (97).wav,IMI Desert Eagle/2 (97).wav,IMI Desert Eagle
428,2 (46).wav,IMI Desert Eagle/2 (46).wav,IMI Desert Eagle
429,2 (63).wav,IMI Desert Eagle/2 (63).wav,IMI Desert Eagle
430,2 (3).wav,IMI Desert Eagle/2 (3).wav,IMI Desert Eagle
431,2 (16).wav,IMI Desert Eagle/2 (16).wav,IMI Desert Eagle
432,2 (13).wav,IMI Desert Eagle/2 (13).wav,IMI Desert Eagle
433,2 (38).wav,IMI Desert Eagle/2 (38).wav,IMI Desert Eagle
434,2 (59).wav,IMI Desert Eagle/2 (59).wav,IMI Desert Eagle
435,2 (62).wav,IMI Desert Eagle/2 (62).wav,IMI Desert Eagle
436,2 (67).wav,IMI Desert Eagle/2 (67).wav,IMI Desert Eagle
437,2 (17).wav,IMI Desert Eagle/2 (17).wav,IMI Desert Eagle
438,2 (4).wav,IMI Desert Eagle/2 (4).wav,IMI Desert Eagle
439,2 (87).wav,IMI Desert Eagle/2 (87).wav,IMI Desert Eagle
440,2 (70).wav,IMI Desert Eagle/2 (70).wav,IMI Desert Eagle
441,2 (41).wav,IMI Desert Eagle/2 (41).wav,IMI Desert Eagle
442,2 (89).wav,IMI Desert Eagle/2 (89).wav,IMI Desert Eagle
443,2 (33).wav,IMI Desert Eagle/2 (33).wav,IMI Desert Eagle
444,2 (9).wav,IMI Desert Eagle/2 (9).wav,IMI Desert Eagle
445,2 (26).wav,IMI Desert Eagle/2 (26).wav,IMI Desert Eagle
446,2 (27).wav,IMI Desert Eagle/2 (27).wav,IMI Desert Eagle
447,2 (69).wav,IMI Desert Eagle/2 (69).wav,IMI Desert Eagle
448,2 (94).wav,IMI Desert Eagle/2 (94).wav,IMI Desert Eagle
449,2 (98).wav,IMI Desert Eagle/2 (98).wav,IMI Desert Eagle
450,2 (66).wav,IMI Desert Eagle/2 (66).wav,IMI Desert Eagle
451,2 (2).wav,IMI Desert Eagle/2 (2).wav,IMI Desert Eagle
452,2 (82).wav,IMI Desert Eagle/2 (82).wav,IMI Desert Eagle
453,2 (72).wav,IMI Desert Eagle/2 (72).wav,IMI Desert Eagle
454,2 (43).wav,IMI Desert Eagle/2 (43).wav,IMI Desert Eagle
455,2 (18).wav,IMI Desert Eagle/2 (18).wav,IMI Desert Eagle
456,2 (22).wav,IMI Desert Eagle/2 (22).wav,IMI Desert Eagle
457,2 (77).wav,IMI Desert Eagle/2 (77).wav,IMI Desert Eagle
458,2 (24).wav,IMI Desert Eagle/2 (24).wav,IMI Desert Eagle
459,2 (47).wav,IMI Desert Eagle/2 (47).wav,IMI Desert Eagle
460,2 (25).wav,IMI Desert Eagle/2 (25).wav,IMI Desert Eagle
461,2 (6).wav,IMI Desert Eagle/2 (6).wav,IMI Desert Eagle
462,2 (58).wav,IMI Desert Eagle/2 (58).wav,IMI Desert Eagle
463,2 (80).wav,IMI Desert Eagle/2 (80).wav,IMI Desert Eagle
464,2 (20).wav,IMI Desert Eagle/2 (20).wav,IMI Desert Eagle
465,2 (64).wav,IMI Desert Eagle/2 (64).wav,IMI Desert Eagle
466,2 (32).wav,IMI Desert Eagle/2 (32).wav,IMI Desert Eagle
467,2 (48).wav,IMI Desert Eagle/2 (48).wav,IMI Desert Eagle
468,2 (85).wav,IMI Desert Eagle/2 (85).wav,IMI Desert Eagle
469,2 (1).wav,IMI Desert Eagle/2 (1).wav,IMI Desert Eagle
470,2 (49).wav,IMI Desert Eagle/2 (49).wav,IMI Desert Eagle
471,2 (86).wav,IMI Desert Eagle/2 (86).wav,IMI Desert Eagle
472,2 (74).wav,IMI Desert Eagle/2 (74).wav,IMI Desert Eagle
473,2 (42).wav,IMI Desert Eagle/2 (42).wav,IMI Desert Eagle
474,2 (79).wav,IMI Desert Eagle/2 (79).wav,IMI Desert Eagle
475,2 (34).wav,IMI Desert Eagle/2 (34).wav,IMI Desert Eagle
476,2 (55).wav,IMI Desert Eagle/2 (55).wav,IMI Desert Eagle
477,2 (61).wav,IMI Desert Eagle/2 (61).wav,IMI Desert Eagle
478,2 (15).wav,IMI Desert Eagle/2 (15).wav,IMI Desert Eagle
479,2 (81).wav,IMI Desert Eagle/2 (81).wav,IMI Desert Eagle
480,2 (29).wav,IMI Desert Eagle/2 (29).wav,IMI Desert Eagle
481,1 (53).wav,AK-47/1 (53).wav,AK-47
482,1 (36).wav,AK-47/1 (36).wav,AK-47
483,1 (11).wav,AK-47/1 (11).wav,AK-47
484,1 (64).wav,AK-47/1 (64).wav,AK-47
485,1 (43).wav,AK-47/1 (43).wav,AK-47
486,1 (10).wav,AK-47/1 (10).wav,AK-47
487,1 (20).wav,AK-47/1 (20).wav,AK-47
488,1 (71).wav,AK-47/1 (71).wav,AK-47
489,1 (55).wav,AK-47/1 (55).wav,AK-47
490,1 (16).wav,AK-47/1 (16).wav,AK-47
491,1 (22).wav,AK-47/1 (22).wav,AK-47
492,1 (59).wav,AK-47/1 (59).wav,AK-47
493,1 (4).wav,AK-47/1 (4).wav,AK-47
494,1 (41).wav,AK-47/1 (41).wav,AK-47
495,1 (54).wav,AK-47/1 (54).wav,AK-47
496,1 (6).wav,AK-47/1 (6).wav,AK-47
497,1 (23).wav,AK-47/1 (23).wav,AK-47
498,1 (29).wav,AK-47/1 (29).wav,AK-47
499,1 (25).wav,AK-47/1 (25).wav,AK-47
500,1 (56).wav,AK-47/1 (56).wav,AK-47
501,1 (7).wav,AK-47/1 (7).wav,AK-47
502,1 (14).wav,AK-47/1 (14).wav,AK-47
503,1 (67).wav,AK-47/1 (67).wav,AK-47
504,1 (52).wav,AK-47/1 (52).wav,AK-47
505,1 (37).wav,AK-47/1 (37).wav,AK-47
506,1 (51).wav,AK-47/1 (51).wav,AK-47
507,1 (49).wav,AK-47/1 (49).wav,AK-47
508,1 (42).wav,AK-47/1 (42).wav,AK-47
509,1 (72).wav,AK-47/1 (72).wav,AK-47
510,1 (70).wav,AK-47/1 (70).wav,AK-47
511,1 (31).wav,AK-47/1 (31).wav,AK-47
512,1 (5).wav,AK-47/1 (5).wav,AK-47
513,1 (61).wav,AK-47/1 (61).wav,AK-47
514,1 (46).wav,AK-47/1 (46).wav,AK-47
515,1 (15).wav,AK-47/1 (15).wav,AK-47
516,1 (38).wav,AK-47/1 (38).wav,AK-47
517,1 (1).wav,AK-47/1 (1).wav,AK-47
518,1 (33).wav,AK-47/1 (33).wav,AK-47
519,1 (48).wav,AK-47/1 (48).wav,AK-47
520,1 (39).wav,AK-47/1 (39).wav,AK-47
521,1 (32).wav,AK-47/1 (32).wav,AK-47
522,1 (40).wav,AK-47/1 (40).wav,AK-47
523,1 (24).wav,AK-47/1 (24).wav,AK-47
524,1 (8).wav,AK-47/1 (8).wav,AK-47
525,1 (3).wav,AK-47/1 (3).wav,AK-47
526,1 (62).wav,AK-47/1 (62).wav,AK-47
527,1 (21).wav,AK-47/1 (21).wav,AK-47
528,1 (30).wav,AK-47/1 (30).wav,AK-47
529,1 (66).wav,AK-47/1 (66).wav,AK-47
530,1 (28).wav,AK-47/1 (28).wav,AK-47
531,1 (34).wav,AK-47/1 (34).wav,AK-47
532,1 (63).wav,AK-47/1 (63).wav,AK-47
533,1 (17).wav,AK-47/1 (17).wav,AK-47
534,1 (44).wav,AK-47/1 (44).wav,AK-47
535,1 (58).wav,AK-47/1 (58).wav,AK-47
536,1 (68).wav,AK-47/1 (68).wav,AK-47
537,1 (9).wav,AK-47/1 (9).wav,AK-47
538,1 (65).wav,AK-47/1 (65).wav,AK-47
539,1 (13).wav,AK-47/1 (13).wav,AK-47
540,1 (18).wav,AK-47/1 (18).wav,AK-47
541,1 (60).wav,AK-47/1 (60).wav,AK-47
542,1 (35).wav,AK-47/1 (35).wav,AK-47
543,1 (2).wav,AK-47/1 (2).wav,AK-47
544,1 (47).wav,AK-47/1 (47).wav,AK-47
545,1 (27).wav,AK-47/1 (27).wav,AK-47
546,1 (57).wav,AK-47/1 (57).wav,AK-47
547,1 (50).wav,AK-47/1 (50).wav,AK-47
548,1 (19).wav,AK-47/1 (19).wav,AK-47
549,1 (45).wav,AK-47/1 (45).wav,AK-47
550,1 (12).wav,AK-47/1 (12).wav,AK-47
551,1 (26).wav,AK-47/1 (26).wav,AK-47
552,1 (69).wav,AK-47/1 (69).wav,AK-47
553,7 (61).wav,MG-42/7 (61).wav,MG-42
554,7 (39).wav,MG-42/7 (39).wav,MG-42
555,7 (31).wav,MG-42/7 (31).wav,MG-42
556,7 (49).wav,MG-42/7 (49).wav,MG-42
557,7 (55).wav,MG-42/7 (55).wav,MG-42
558,7 (85).wav,MG-42/7 (85).wav,MG-42
559,7 (24).wav,MG-42/7 (24).wav,MG-42
560,7 (93).wav,MG-42/7 (93).wav,MG-42
561,7 (11).wav,MG-42/7 (11).wav,MG-42
562,7 (36).wav,MG-42/7 (36).wav,MG-42
563,7 (89).wav,MG-42/7 (89).wav,MG-42
564,7 (78).wav,MG-42/7 (78).wav,MG-42
565,7 (1).wav,MG-42/7 (1).wav,MG-42
566,7 (94).wav,MG-42/7 (94).wav,MG-42
567,7 (38).wav,MG-42/7 (38).wav,MG-42
568,7 (98).wav,MG-42/7 (98).wav,MG-42
569,7 (60).wav,MG-42/7 (60).wav,MG-42
570,7 (87).wav,MG-42/7 (87).wav,MG-42
571,7 (84).wav,MG-42/7 (84).wav,MG-42
572,7 (19).wav,MG-42/7 (19).wav,MG-42
573,7 (14).wav,MG-42/7 (14).wav,MG-42
574,7 (100).wav,MG-42/7 (100).wav,MG-42
575,7 (17).wav,MG-42/7 (17).wav,MG-42
576,7 (53).wav,MG-42/7 (53).wav,MG-42
577,7 (96).wav,MG-42/7 (96).wav,MG-42
578,7 (35).wav,MG-42/7 (35).wav,MG-42
579,7 (88).wav,MG-42/7 (88).wav,MG-42
580,7 (74).wav,MG-42/7 (74).wav,MG-42
581,7 (50).wav,MG-42/7 (50).wav,MG-42
582,7 (92).wav,MG-42/7 (92).wav,MG-42
583,7 (42).wav,MG-42/7 (42).wav,MG-42
584,7 (7).wav,MG-42/7 (7).wav,MG-42
585,7 (46).wav,MG-42/7 (46).wav,MG-42
586,7 (62).wav,MG-42/7 (62).wav,MG-42
587,7 (68).wav,MG-42/7 (68).wav,MG-42
588,7 (43).wav,MG-42/7 (43).wav,MG-42
589,7 (52).wav,MG-42/7 (52).wav,MG-42
590,7 (13).wav,MG-42/7 (13).wav,MG-42
591,7 (73).wav,MG-42/7 (73).wav,MG-42
592,7 (56).wav,MG-42/7 (56).wav,MG-42
593,7 (4).wav,MG-42/7 (4).wav,MG-42
594,7 (58).wav,MG-42/7 (58).wav,MG-42
595,7 (8).wav,MG-42/7 (8).wav,MG-42
596,7 (76).wav,MG-42/7 (76).wav,MG-42
597,7 (34).wav,MG-42/7 (34).wav,MG-42
598,7 (83).wav,MG-42/7 (83).wav,MG-42
599,7 (99).wav,MG-42/7 (99).wav,MG-42
600,7 (95).wav,MG-42/7 (95).wav,MG-42
601,7 (47).wav,MG-42/7 (47).wav,MG-42
602,7 (33).wav,MG-42/7 (33).wav,MG-42
603,7 (29).wav,MG-42/7 (29).wav,MG-42
604,7 (44).wav,MG-42/7 (44).wav,MG-42
605,7 (15).wav,MG-42/7 (15).wav,MG-42
606,7 (3).wav,MG-42/7 (3).wav,MG-42
607,7 (45).wav,MG-42/7 (45).wav,MG-42
608,7 (72).wav,MG-42/7 (72).wav,MG-42
609,7 (41).wav,MG-42/7 (41).wav,MG-42
610,7 (23).wav,MG-42/7 (23).wav,MG-42
611,7 (10).wav,MG-42/7 (10).wav,MG-42
612,7 (12).wav,MG-42/7 (12).wav,MG-42
613,7 (40).wav,MG-42/7 (40).wav,MG-42
614,7 (9).wav,MG-42/7 (9).wav,MG-42
615,7 (6).wav,MG-42/7 (6).wav,MG-42
616,7 (57).wav,MG-42/7 (57).wav,MG-42
617,7 (28).wav,MG-42/7 (28).wav,MG-42
618,7 (77).wav,MG-42/7 (77).wav,MG-42
619,7 (30).wav,MG-42/7 (30).wav,MG-42
620,7 (63).wav,MG-42/7 (63).wav,MG-42
621,7 (25).wav,MG-42/7 (25).wav,MG-42
622,7 (90).wav,MG-42/7 (90).wav,MG-42
623,7 (2).wav,MG-42/7 (2).wav,MG-42
624,7 (18).wav,MG-42/7 (18).wav,MG-42
625,7 (71).wav,MG-42/7 (71).wav,MG-42
626,7 (37).wav,MG-42/7 (37).wav,MG-42
627,7 (91).wav,MG-42/7 (91).wav,MG-42
628,7 (66).wav,MG-42/7 (66).wav,MG-42
629,7 (82).wav,MG-42/7 (82).wav,MG-42
630,7 (80).wav,MG-42/7 (80).wav,MG-42
631,7 (48).wav,MG-42/7 (48).wav,MG-42
632,7 (67).wav,MG-42/7 (67).wav,MG-42
633,7 (21).wav,MG-42/7 (21).wav,MG-42
634,7 (86).wav,MG-42/7 (86).wav,MG-42
635,7 (79).wav,MG-42/7 (79).wav,MG-42
636,7 (27).wav,MG-42/7 (27).wav,MG-42
637,7 (69).wav,MG-42/7 (69).wav,MG-42
638,7 (70).wav,MG-42/7 (70).wav,MG-42
639,7 (20).wav,MG-42/7 (20).wav,MG-42
640,7 (54).wav,MG-42/7 (54).wav,MG-42
641,7 (5).wav,MG-42/7 (5).wav,MG-42
642,7 (81).wav,MG-42/7 (81).wav,MG-42
643,7 (97).wav,MG-42/7 (97).wav,MG-42
644,7 (64).wav,MG-42/7 (64).wav,MG-42
645,7 (75).wav,MG-42/7 (75).wav,MG-42
646,7 (51).wav,MG-42/7 (51).wav,MG-42
647,7 (59).wav,MG-42/7 (59).wav,MG-42
648,7 (26).wav,MG-42/7 (26).wav,MG-42
649,7 (65).wav,MG-42/7 (65).wav,MG-42
650,7 (22).wav,MG-42/7 (22).wav,MG-42
651,7 (16).wav,MG-42/7 (16).wav,MG-42
652,7 (32).wav,MG-42/7 (32).wav,MG-42
653,5 (35).wav,M16/5 (35).wav,M16
654,5 (50).wav,M16/5 (50).wav,M16
655,5 (88).wav,M16/5 (88).wav,M16
656,5 (82).wav,M16/5 (82).wav,M16
657,5 (79).wav,M16/5 (79).wav,M16
658,5 (47).wav,M16/5 (47).wav,M16
659,5 (75).wav,M16/5 (75).wav,M16
660,5 (29).wav,M16/5 (29).wav,M16
661,5 (68).wav,M16/5 (68).wav,M16
662,5 (15).wav,M16/5 (15).wav,M16
663,5 (51).wav,M16/5 (51).wav,M16
664,5 (97).wav,M16/5 (97).wav,M16
665,5 (67).wav,M16/5 (67).wav,M16
666,5 (40).wav,M16/5 (40).wav,M16
667,5 (18).wav,M16/5 (18).wav,M16
668,5 (62).wav,M16/5 (62).wav,M16
669,5 (80).wav,M16/5 (80).wav,M16
670,5 (8).wav,M16/5 (8).wav,M16
671,5 (70).wav,M16/5 (70).wav,M16
672,5 (59).wav,M16/5 (59).wav,M16
673,5 (90).wav,M16/5 (90).wav,M16
674,5 (64).wav,M16/5 (64).wav,M16
675,5 (30).wav,M16/5 (30).wav,M16
676,5 (3).wav,M16/5 (3).wav,M16
677,5 (28).wav,M16/5 (28).wav,M16
678,5 (60).wav,M16/5 (60).wav,M16
679,5 (58).wav,M16/5 (58).wav,M16
680,5 (93).wav,M16/5 (93).wav,M16
681,5 (38).wav,M16/5 (38).wav,M16
682,5 (31).wav,M16/5 (31).wav,M16
683,5 (21).wav,M16/5 (21).wav,M16
684,5 (34).wav,M16/5 (34).wav,M16
685,5 (27).wav,M16/5 (27).wav,M16
686,5 (43).wav,M16/5 (43).wav,M16
687,5 (48).wav,M16/5 (48).wav,M16
688,5 (23).wav,M16/5 (23).wav,M16
689,5 (37).wav,M16/5 (37).wav,M16
690,5 (92).wav,M16/5 (92).wav,M16
691,5 (66).wav,M16/5 (66).wav,M16
692,5 (84).wav,M16/5 (84).wav,M16
693,5 (14).wav,M16/5 (14).wav,M16
694,5 (99).wav,M16/5 (99).wav,M16
695,5 (33).wav,M16/5 (33).wav,M16
696,5 (41).wav,M16/5 (41).wav,M16
697,5 (46).wav,M16/5 (46).wav,M16
698,5 (89).wav,M16/5 (89).wav,M16
699,5 (7).wav,M16/5 (7).wav,M16
700,5 (100).wav,M16/5 (100).wav,M16
701,5 (81).wav,M16/5 (81).wav,M16
702,5 (4).wav,M16/5 (4).wav,M16
703,5 (24).wav,M16/5 (24).wav,M16
704,5 (69).wav,M16/5 (69).wav,M16
705,5 (11).wav,M16/5 (11).wav,M16
706,5 (77).wav,M16/5 (77).wav,M16
707,5 (20).wav,M16/5 (20).wav,M16
708,5 (85).wav,M16/5 (85).wav,M16
709,5 (25).wav,M16/5 (25).wav,M16
710,5 (49).wav,M16/5 (49).wav,M16
711,5 (65).wav,M16/5 (65).wav,M16
712,5 (86).wav,M16/5 (86).wav,M16
713,5 (61).wav,M16/5 (61).wav,M16
714,5 (9).wav,M16/5 (9).wav,M16
715,5 (13).wav,M16/5 (13).wav,M16
716,5 (39).wav,M16/5 (39).wav,M16
717,5 (57).wav,M16/5 (57).wav,M16
718,5 (87).wav,M16/5 (87).wav,M16
719,5 (76).wav,M16/5 (76).wav,M16
720,5 (6).wav,M16/5 (6).wav,M16
721,5 (45).wav,M16/5 (45).wav,M16
722,5 (16).wav,M16/5 (16).wav,M16
723,5 (54).wav,M16/5 (54).wav,M16
724,5 (22).wav,M16/5 (22).wav,M16
725,5 (73).wav,M16/5 (73).wav,M16
726,5 (52).wav,M16/5 (52).wav,M16
727,5 (74).wav,M16/5 (74).wav,M16
728,5 (2).wav,M16/5 (2).wav,M16
729,5 (78).wav,M16/5 (78).wav,M16
730,5 (55).wav,M16/5 (55).wav,M16
731,5 (71).wav,M16/5 (71).wav,M16
732,5 (19).wav,M16/5 (19).wav,M16
733,5 (26).wav,M16/5 (26).wav,M16
734,5 (83).wav,M16/5 (83).wav,M16
735,5 (12).wav,M16/5 (12).wav,M16
736,5 (72).wav,M16/5 (72).wav,M16
737,5 (53).wav,M16/5 (53).wav,M16
738,5 (36).wav,M16/5 (36).wav,M16
739,5 (56).wav,M16/5 (56).wav,M16
740,5 (1).wav,M16/5 (1).wav,M16
741,5 (94).wav,M16/5 (94).wav,M16
742,5 (5).wav,M16/5 (5).wav,M16
743,5 (96).wav,M16/5 (96).wav,M16
744,5 (44).wav,M16/5 (44).wav,M16
745,5 (98).wav,M16/5 (98).wav,M16
746,5 (17).wav,M16/5 (17).wav,M16
747,5 (95).wav,M16/5 (95).wav,M16
748,5 (10).wav,M16/5 (10).wav,M16
749,5 (63).wav,M16/5 (63).wav,M16
750,5 (32).wav,M16/5 (32).wav,M16
751,5 (42).wav,M16/5 (42).wav,M16
752,5 (91).wav,M16/5 (91).wav,M16
753,3 (85).wav,AK-12/3 (85).wav,AK-12
754,3 (72).wav,AK-12/3 (72).wav,AK-12
755,3 (74).wav,AK-12/3 (74).wav,AK-12
756,3 (94).wav,AK-12/3 (94).wav,AK-12
757,3 (95).wav,AK-12/3 (95).wav,AK-12
758,3 (93).wav,AK-12/3 (93).wav,AK-12
759,3 (18).wav,AK-12/3 (18).wav,AK-12
760,3 (47).wav,AK-12/3 (47).wav,AK-12
761,3 (67).wav,AK-12/3 (67).wav,AK-12
762,3 (97).wav,AK-12/3 (97).wav,AK-12
763,3 (16).wav,AK-12/3 (16).wav,AK-12
764,3 (69).wav,AK-12/3 (69).wav,AK-12
765,3 (35).wav,AK-12/3 (35).wav,AK-12
766,3 (86).wav,AK-12/3 (86).wav,AK-12
767,3 (88).wav,AK-12/3 (88).wav,AK-12
768,3 (63).wav,AK-12/3 (63).wav,AK-12
769,3 (44).wav,AK-12/3 (44).wav,AK-12
770,3 (30).wav,AK-12/3 (30).wav,AK-12
771,3 (68).wav,AK-12/3 (68).wav,AK-12
772,3 (9).wav,AK-12/3 (9).wav,AK-12
773,3 (12).wav,AK-12/3 (12).wav,AK-12
774,3 (14).wav,AK-12/3 (14).wav,AK-12
775,3 (81).wav,AK-12/3 (81).wav,AK-12
776,3 (71).wav,AK-12/3 (71).wav,AK-12
777,3 (78).wav,AK-12/3 (78).wav,AK-12
778,3 (26).wav,AK-12/3 (26).wav,AK-12
779,3 (42).wav,AK-12/3 (42).wav,AK-12
780,3 (83).wav,AK-12/3 (83).wav,AK-12
781,3 (92).wav,AK-12/3 (92).wav,AK-12
782,3 (98).wav,AK-12/3 (98).wav,AK-12
783,3 (22).wav,AK-12/3 (22).wav,AK-12
784,3 (6).wav,AK-12/3 (6).wav,AK-12
785,3 (29).wav,AK-12/3 (29).wav,AK-12
786,3 (50).wav,AK-12/3 (50).wav,AK-12
787,3 (65).wav,AK-12/3 (65).wav,AK-12
788,3 (61).wav,AK-12/3 (61).wav,AK-12
789,3 (41).wav,AK-12/3 (41).wav,AK-12
790,3 (77).wav,AK-12/3 (77).wav,AK-12
791,3 (19).wav,AK-12/3 (19).wav,AK-12
792,3 (52).wav,AK-12/3 (52).wav,AK-12
793,3 (59).wav,AK-12/3 (59).wav,AK-12
794,3 (21).wav,AK-12/3 (21).wav,AK-12
795,3 (27).wav,AK-12/3 (27).wav,AK-12
796,3 (23).wav,AK-12/3 (23).wav,AK-12
797,3 (66).wav,AK-12/3 (66).wav,AK-12
798,3 (39).wav,AK-12/3 (39).wav,AK-12
799,3 (60).wav,AK-12/3 (60).wav,AK-12
800,3 (84).wav,AK-12/3 (84).wav,AK-12
801,3 (82).wav,AK-12/3 (82).wav,AK-12
802,3 (80).wav,AK-12/3 (80).wav,AK-12
803,3 (2).wav,AK-12/3 (2).wav,AK-12
804,3 (89).wav,AK-12/3 (89).wav,AK-12
805,3 (79).wav,AK-12/3 (79).wav,AK-12
806,3 (55).wav,AK-12/3 (55).wav,AK-12
807,3 (3).wav,AK-12/3 (3).wav,AK-12
808,3 (87).wav,AK-12/3 (87).wav,AK-12
809,3 (32).wav,AK-12/3 (32).wav,AK-12
810,3 (34).wav,AK-12/3 (34).wav,AK-12
811,3 (43).wav,AK-12/3 (43).wav,AK-12
812,3 (53).wav,AK-12/3 (53).wav,AK-12
813,3 (25).wav,AK-12/3 (25).wav,AK-12
814,3 (91).wav,AK-12/3 (91).wav,AK-12
815,3 (57).wav,AK-12/3 (57).wav,AK-12
816,3 (62).wav,AK-12/3 (62).wav,AK-12
817,3 (51).wav,AK-12/3 (51).wav,AK-12
818,3 (58).wav,AK-12/3 (58).wav,AK-12
819,3 (5).wav,AK-12/3 (5).wav,AK-12
820,3 (24).wav,AK-12/3 (24).wav,AK-12
821,3 (48).wav,AK-12/3 (48).wav,AK-12
822,3 (49).wav,AK-12/3 (49).wav,AK-12
823,3 (28).wav,AK-12/3 (28).wav,AK-12
824,3 (15).wav,AK-12/3 (15).wav,AK-12
825,3 (20).wav,AK-12/3 (20).wav,AK-12
826,3 (54).wav,AK-12/3 (54).wav,AK-12
827,3 (8).wav,AK-12/3 (8).wav,AK-12
828,3 (17).wav,AK-12/3 (17).wav,AK-12
829,3 (33).wav,AK-12/3 (33).wav,AK-12
830,3 (75).wav,AK-12/3 (75).wav,AK-12
831,3 (70).wav,AK-12/3 (70).wav,AK-12
832,3 (76).wav,AK-12/3 (76).wav,AK-12
833,3 (4).wav,AK-12/3 (4).wav,AK-12
834,3 (46).wav,AK-12/3 (46).wav,AK-12
835,3 (36).wav,AK-12/3 (36).wav,AK-12
836,3 (7).wav,AK-12/3 (7).wav,AK-12
837,3 (40).wav,AK-12/3 (40).wav,AK-12
838,3 (11).wav,AK-12/3 (11).wav,AK-12
839,3 (96).wav,AK-12/3 (96).wav,AK-12
840,3 (13).wav,AK-12/3 (13).wav,AK-12
841,3 (10).wav,AK-12/3 (10).wav,AK-12
842,3 (73).wav,AK-12/3 (73).wav,AK-12
843,3 (37).wav,AK-12/3 (37).wav,AK-12
844,3 (45).wav,AK-12/3 (45).wav,AK-12
845,3 (1).wav,AK-12/3 (1).wav,AK-12
846,3 (38).wav,AK-12/3 (38).wav,AK-12
847,3 (56).wav,AK-12/3 (56).wav,AK-12
848,3 (31).wav,AK-12/3 (31).wav,AK-12
849,3 (64).wav,AK-12/3 (64).wav,AK-12
850,3 (90).wav,AK-12/3 (90).wav,AK-12
