file_name,file_path,class_id,class_name,sub_ds_name,sub_ds_index
GUNSHOT_RIFLE_gad_200.wav,/workspaces/danger-classifier-model/dataset/GUNSHOT_RIFLE_gad_200.wav,5,GUNSHOT_RIFLE,Gunshot audio dataset,200
GUNSHOT_RIFLE_gad_201.wav,/workspaces/danger-classifier-model/dataset/GUNSHOT_RIFLE_gad_201.wav,5,GUNSHOT_RIFLE,Gunshot audio dataset,201
GUNSHOT_RIFLE_gad_202.wav,/workspaces/danger-classifier-model/dataset/GUNSHOT_RIFLE_gad_202.wav,5,GUNSHOT_RIFLE,Gunshot audio dataset,202
GUNSHOT_RIFLE_gad_203.wav,/workspaces/danger-classifier-model/dataset/GUNSHOT_RIFLE_gad_203.wav,5,GUNSHOT_RIFLE,Gunshot audio dataset,203
GUNSHOT_RIFLE_gad_204.wav,/workspaces/danger-classifier-model/dataset/GUNSHOT_RIFLE_gad_204.wav,5,GUNSHOT_RIFLE,Gunshot audio dataset,204
GUNSHOT_RIFLE_gad_205.wav,/workspaces/danger-classifier-model/dataset/GUNSHOT_RIFLE_gad_205.wav,5,GUNSHOT_RIFLE,Gunshot audio dataset,205
GUNSHOT_RIFLE_gad_206.wav,/workspaces/danger-classifier-model/dataset/GUNSHOT_RIFLE_gad_206.wav,5,GUNSHOT_RIFLE,Gunshot audio dataset,206
GUNSHOT_RIFLE_gad_207.wav,/workspaces/danger-classifier-model/dataset/GUNSHOT_RIFLE_gad_207.wav,5,GUNSHOT_RIFLE,Gunshot audio dataset,207
GUNSHOT_RIFLE_gad_208.wav,/workspaces/danger-classifier-model/dataset/GUNSHOT_RIFLE_gad_208.wav,5,GUNSHOT_RIFLE,Gunshot audio dataset,208
GUNSHOT_RIFLE_gad_209.wav,/workspaces/danger-classifier-model/dataset/GUNSHOT_RIFLE_gad_209.wav,5,GUNSHOT_RIFLE,Gunshot audio dataset,209
GUNSHOT_RIFLE_gad_210.wav,/workspaces/danger-classifier-model/dataset/GUNSHOT_RIFLE_gad_210.wav,5,GUNSHOT_RIFLE,Gunshot audio dataset,210
GUNSHOT_RIFLE_gad_211.wav,/workspaces/danger-classifier-model/dataset/GUNSHOT_RIFLE_gad_211.wav,5,GUNSHOT_RIFLE,Gunshot audio dataset,211
GUNSHOT_RIFLE_gad_212.wav,/workspaces/danger-classifier-model/dataset/GUNSHOT_RIFLE_gad_212.wav,5,GUNSHOT_RIFLE,Gunshot audio dataset,212
GUNSHOT_RIFLE_gad_213.wav,/workspaces/danger-classifier-model/dataset/GUNSHOT_RIFLE_gad_213.wav,5,GUNSHOT_RIFLE,Gunshot audio dataset,213
GUNSHOT_RIFLE_gad_214.wav,/workspaces/danger-classifier-model/dataset/GUNSHOT_RIFLE_gad_214.wav,5,GUNSHOT_RIFLE,Gunshot audio dataset,214
GUNSHOT_RIFLE_gad_215.wav,/workspaces/danger-classifier-model/dataset/GUNSHOT_RIFLE_gad_215.wav,5,GUNSHOT_RIFLE,Gunshot audio dataset,215
GUNSHOT_RIFLE_gad_216.wav,/workspaces/danger-classifier-model/dataset/GUNSHOT_RIFLE_gad_216.wav,5,GUNSHOT_RIFLE,Gunshot audio dataset,216
GUNSHOT_RIFLE_gad_217.wav,/workspaces/danger-classifier-model/dataset/GUNSHOT_RIFLE_gad_217.wav,5,GUNSHOT_RIFLE,Gunshot audio dataset,217
GUNSHOT_RIFLE_gad_218.wav,/workspaces/danger-classifier-model/dataset/GUNSHOT_RIFLE_gad_218.wav,5,GUNSHOT_RIFLE,Gunshot audio dataset,218
GUNSHOT_RIFLE_gad_219.wav,/workspaces/danger-classifier-model/dataset/GUNSHOT_RIFLE_gad_219.wav,5,GUNSHOT_RIFLE,Gunshot audio dataset,219
GUNSHOT_RIFLE_gad_220.wav,/workspaces/danger-classifier-model/dataset/GUNSHOT_RIFLE_gad_220.wav,5,GUNSHOT_RIFLE,Gunshot audio dataset,220
GUNSHOT_RIFLE_gad_221.wav,/workspaces/danger-classifier-model/dataset/GUNSHOT_RIFLE_gad_221.wav,5,GUNSHOT_RIFLE,Gunshot audio dataset,221
GUNSHOT_RIFLE_gad_222.wav,/workspaces/danger-classifier-model/dataset/GUNSHOT_RIFLE_gad_222.wav,5,GUNSHOT_RIFLE,Gunshot audio dataset,222
GUNSHOT_RIFLE_gad_223.wav,/workspaces/danger-classifier-model/dataset/GUNSHOT_RIFLE_gad_223.wav,5,GUNSHOT_RIFLE,Gunshot audio dataset,223
GUNSHOT_RIFLE_gad_224.wav,/workspaces/danger-classifier-model/dataset/GUNSHOT_RIFLE_gad_224.wav,5,GUNSHOT_RIFLE,Gunshot audio dataset,224
GUNSHOT_RIFLE_gad_225.wav,/workspaces/danger-classifier-model/dataset/GUNSHOT_RIFLE_gad_225.wav,5,GUNSHOT_RIFLE,Gunshot audio dataset,225
GUNSHOT_RIFLE_gad_226.wav,/workspaces/danger-classifier-model/dataset/GUNSHOT_RIFLE_gad_226.wav,5,GUNSHOT_RIFLE,Gunshot audio dataset,226
GUNSHOT_RIFLE_gad_227.wav,/workspaces/danger-classifier-model/dataset/GUNSHOT_RIFLE_gad_227.wav,5,GUNSHOT_RIFLE,Gunshot audio dataset,227
GUNSHOT_RIFLE_gad_228.wav,/workspaces/danger-classifier-model/dataset/GUNSHOT_RIFLE_gad_228.wav,5,GUNSHOT_RIFLE,Gunshot audio dataset,228
GUNSHOT_RIFLE_gad_229.wav,/workspaces/danger-classifier-model/dataset/GUNSHOT_RIFLE_gad_229.wav,5,GUNSHOT_RIFLE,Gunshot audio dataset,229
GUNSHOT_RIFLE_gad_230.wav,/workspaces/danger-classifier-model/dataset/GUNSHOT_RIFLE_gad_230.wav,5,GUNSHOT_RIFLE,Gunshot audio dataset,230
GUNSHOT_RIFLE_gad_231.wav,/workspaces/danger-classifier-model/dataset/GUNSHOT_RIFLE_gad_231.wav,5,GUNSHOT_RIFLE,Gunshot audio dataset,231
GUNSHOT_RIFLE_gad_232.wav,/workspaces/danger-classifier-model/dataset/GUNSHOT_RIFLE_gad_232.wav,5,GUNSHOT_RIFLE,Gunshot audio dataset,232
GUNSHOT_RIFLE_gad_233.wav,/workspaces/danger-classifier-model/dataset/GUNSHOT_RIFLE_gad_233.wav,5,GUNSHOT_RIFLE,Gunshot audio dataset,233
GUNSHOT_RIFLE_gad_234.wav,/workspaces/danger-classifier-model/dataset/GUNSHOT_RIFLE_gad_234.wav,5,GUNSHOT_RIFLE,Gunshot audio dataset,234
GUNSHOT_RIFLE_gad_235.wav,/workspaces/danger-classifier-model/dataset/GUNSHOT_RIFLE_gad_235.wav,5,GUNSHOT_RIFLE,Gunshot audio dataset,235
GUNSHOT_RIFLE_gad_236.wav,/workspaces/danger-classifier-model/dataset/GUNSHOT_RIFLE_gad_236.wav,5,GUNSHOT_RIFLE,Gunshot audio dataset,236
GUNSHOT_RIFLE_gad_237.wav,/workspaces/danger-classifier-model/dataset/GUNSHOT_RIFLE_gad_237.wav,5,GUNSHOT_RIFLE,Gunshot audio dataset,237
GUNSHOT_RIFLE_gad_238.wav,/workspaces/danger-classifier-model/dataset/GUNSHOT_RIFLE_gad_238.wav,5,GUNSHOT_RIFLE,Gunshot audio dataset,238
GUNSHOT_RIFLE_gad_239.wav,/workspaces/danger-classifier-model/dataset/GUNSHOT_RIFLE_gad_239.wav,5,GUNSHOT_RIFLE,Gunshot audio dataset,239
GUNSHOT_RIFLE_gad_240.wav,/workspaces/danger-classifier-model/dataset/GUNSHOT_RIFLE_gad_240.wav,5,GUNSHOT_RIFLE,Gunshot audio dataset,240
GUNSHOT_RIFLE_gad_241.wav,/workspaces/danger-classifier-model/dataset/GUNSHOT_RIFLE_gad_241.wav,5,GUNSHOT_RIFLE,Gunshot audio dataset,241
GUNSHOT_RIFLE_gad_242.wav,/workspaces/danger-classifier-model/dataset/GUNSHOT_RIFLE_gad_242.wav,5,GUNSHOT_RIFLE,Gunshot audio dataset,242
GUNSHOT_RIFLE_gad_243.wav,/workspaces/danger-classifier-model/dataset/GUNSHOT_RIFLE_gad_243.wav,5,GUNSHOT_RIFLE,Gunshot audio dataset,243
GUNSHOT_RIFLE_gad_244.wav,/workspaces/danger-classifier-model/dataset/GUNSHOT_RIFLE_gad_244.wav,5,GUNSHOT_RIFLE,Gunshot audio dataset,244
GUNSHOT_RIFLE_gad_245.wav,/workspaces/danger-classifier-model/dataset/GUNSHOT_RIFLE_gad_245.wav,5,GUNSHOT_RIFLE,Gunshot audio dataset,245
GUNSHOT_RIFLE_gad_246.wav,/workspaces/danger-classifier-model/dataset/GUNSHOT_RIFLE_gad_246.wav,5,GUNSHOT_RIFLE,Gunshot audio dataset,246
GUNSHOT_RIFLE_gad_247.wav,/workspaces/danger-classifier-model/dataset/GUNSHOT_RIFLE_gad_247.wav,5,GUNSHOT_RIFLE,Gunshot audio dataset,247
GUNSHOT_RIFLE_gad_248.wav,/workspaces/danger-classifier-model/dataset/GUNSHOT_RIFLE_gad_248.wav,5,GUNSHOT_RIFLE,Gunshot audio dataset,248
GUNSHOT_RIFLE_gad_249.wav,/workspaces/danger-classifier-model/dataset/GUNSHOT_RIFLE_gad_249.wav,5,GUNSHOT_RIFLE,Gunshot audio dataset,249
GUNSHOT_RIFLE_gad_250.wav,/workspaces/danger-classifier-model/dataset/GUNSHOT_RIFLE_gad_250.wav,5,GUNSHOT_RIFLE,Gunshot audio dataset,250
GUNSHOT_RIFLE_gad_251.wav,/workspaces/danger-classifier-model/dataset/GUNSHOT_RIFLE_gad_251.wav,5,GUNSHOT_RIFLE,Gunshot audio dataset,251
GUNSHOT_RIFLE_gad_252.wav,/workspaces/danger-classifier-model/dataset/GUNSHOT_RIFLE_gad_252.wav,5,GUNSHOT_RIFLE,Gunshot audio dataset,252
GUNSHOT_RIFLE_gad_253.wav,/workspaces/danger-classifier-model/dataset/GUNSHOT_RIFLE_gad_253.wav,5,GUNSHOT_RIFLE,Gunshot audio dataset,253
GUNSHOT_RIFLE_gad_254.wav,/workspaces/danger-classifier-model/dataset/GUNSHOT_RIFLE_gad_254.wav,5,GUNSHOT_RIFLE,Gunshot audio dataset,254
GUNSHOT_RIFLE_gad_255.wav,/workspaces/danger-classifier-model/dataset/GUNSHOT_RIFLE_gad_255.wav,5,GUNSHOT_RIFLE,Gunshot audio dataset,255
GUNSHOT_RIFLE_gad_256.wav,/workspaces/danger-classifier-model/dataset/GUNSHOT_RIFLE_gad_256.wav,5,GUNSHOT_RIFLE,Gunshot audio dataset,256
GUNSHOT_RIFLE_gad_257.wav,/workspaces/danger-classifier-model/dataset/GUNSHOT_RIFLE_gad_257.wav,5,GUNSHOT_RIFLE,Gunshot audio dataset,257
GUNSHOT_RIFLE_gad_258.wav,/workspaces/danger-classifier-model/dataset/GUNSHOT_RIFLE_gad_258.wav,5,GUNSHOT_RIFLE,Gunshot audio dataset,258
GUNSHOT_RIFLE_gad_259.wav,/workspaces/danger-classifier-model/dataset/GUNSHOT_RIFLE_gad_259.wav,5,GUNSHOT_RIFLE,Gunshot audio dataset,259
GUNSHOT_RIFLE_gad_260.wav,/workspaces/danger-classifier-model/dataset/GUNSHOT_RIFLE_gad_260.wav,5,GUNSHOT_RIFLE,Gunshot audio dataset,260
GUNSHOT_RIFLE_gad_261.wav,/workspaces/danger-classifier-model/dataset/GUNSHOT_RIFLE_gad_261.wav,5,GUNSHOT_RIFLE,Gunshot audio dataset,261
GUNSHOT_RIFLE_gad_262.wav,/workspaces/danger-classifier-model/dataset/GUNSHOT_RIFLE_gad_262.wav,5,GUNSHOT_RIFLE,Gunshot audio dataset,262
GUNSHOT_RIFLE_gad_263.wav,/workspaces/danger-classifier-model/dataset/GUNSHOT_RIFLE_gad_263.wav,5,GUNSHOT_RIFLE,Gunshot audio dataset,263
GUNSHOT_RIFLE_gad_264.wav,/workspaces/danger-classifier-model/dataset/GUNSHOT_RIFLE_gad_264.wav,5,GUNSHOT_RIFLE,Gunshot audio dataset,264
GUNSHOT_RIFLE_gad_265.wav,/workspaces/danger-classifier-model/dataset/GUNSHOT_RIFLE_gad_265.wav,5,GUNSHOT_RIFLE,Gunshot audio dataset,265
GUNSHOT_RIFLE_gad_266.wav,/workspaces/danger-classifier-model/dataset/GUNSHOT_RIFLE_gad_266.wav,5,GUNSHOT_RIFLE,Gunshot audio dataset,266
GUNSHOT_RIFLE_gad_267.wav,/workspaces/danger-classifier-model/dataset/GUNSHOT_RIFLE_gad_267.wav,5,GUNSHOT_RIFLE,Gunshot audio dataset,267
GUNSHOT_RIFLE_gad_268.wav,/workspaces/danger-classifier-model/dataset/GUNSHOT_RIFLE_gad_268.wav,5,GUNSHOT_RIFLE,Gunshot audio dataset,268
GUNSHOT_RIFLE_gad_269.wav,/workspaces/danger-classifier-model/dataset/GUNSHOT_RIFLE_gad_269.wav,5,GUNSHOT_RIFLE,Gunshot audio dataset,269
GUNSHOT_RIFLE_gad_270.wav,/workspaces/danger-classifier-model/dataset/GUNSHOT_RIFLE_gad_270.wav,5,GUNSHOT_RIFLE,Gunshot audio dataset,270
GUNSHOT_RIFLE_gad_271.wav,/workspaces/danger-classifier-model/dataset/GUNSHOT_RIFLE_gad_271.wav,5,GUNSHOT_RIFLE,Gunshot audio dataset,271
GUNSHOT_RIFLE_gad_272.wav,/workspaces/danger-classifier-model/dataset/GUNSHOT_RIFLE_gad_272.wav,5,GUNSHOT_RIFLE,Gunshot audio dataset,272
GUNSHOT_RIFLE_gad_273.wav,/workspaces/danger-classifier-model/dataset/GUNSHOT_RIFLE_gad_273.wav,5,GUNSHOT_RIFLE,Gunshot audio dataset,273
GUNSHOT_RIFLE_gad_274.wav,/workspaces/danger-classifier-model/dataset/GUNSHOT_RIFLE_gad_274.wav,5,GUNSHOT_RIFLE,Gunshot audio dataset,274
GUNSHOT_RIFLE_gad_275.wav,/workspaces/danger-classifier-model/dataset/GUNSHOT_RIFLE_gad_275.wav,5,GUNSHOT_RIFLE,Gunshot audio dataset,275
GUNSHOT_RIFLE_gad_276.wav,/workspaces/danger-classifier-model/dataset/GUNSHOT_RIFLE_gad_276.wav,5,GUNSHOT_RIFLE,Gunshot audio dataset,276
GUNSHOT_RIFLE_gad_277.wav,/workspaces/danger-classifier-model/dataset/GUNSHOT_RIFLE_gad_277.wav,5,GUNSHOT_RIFLE,Gunshot audio dataset,277
GUNSHOT_RIFLE_gad_278.wav,/workspaces/danger-classifier-model/dataset/GUNSHOT_RIFLE_gad_278.wav,5,GUNSHOT_RIFLE,Gunshot audio dataset,278
GUNSHOT_RIFLE_gad_279.wav,/workspaces/danger-classifier-model/dataset/GUNSHOT_RIFLE_gad_279.wav,5,GUNSHOT_RIFLE,Gunshot audio dataset,279
GUNSHOT_RIFLE_gad_280.wav,/workspaces/danger-classifier-model/dataset/GUNSHOT_RIFLE_gad_280.wav,5,GUNSHOT_RIFLE,Gunshot audio dataset,280
GUNSHOT_RIFLE_gad_281.wav,/workspaces/danger-classifier-model/dataset/GUNSHOT_RIFLE_gad_281.wav,5,GUNSHOT_RIFLE,Gunshot audio dataset,281
GUNSHOT_MACHINE_GUN_gad_282.wav,/workspaces/danger-classifier-model/dataset/GUNSHOT_MACHINE_GUN_gad_282.wav,6,GUNSHOT_MACHINE_GUN,Gunshot audio dataset,282
GUNSHOT_MACHINE_GUN_gad_283.wav,/workspaces/danger-classifier-model/dataset/GUNSHOT_MACHINE_GUN_gad_283.wav,6,GUNSHOT_MACHINE_GUN,Gunshot audio dataset,283
GUNSHOT_MACHINE_GUN_gad_284.wav,/workspaces/danger-classifier-model/dataset/GUNSHOT_MACHINE_GUN_gad_284.wav,6,GUNSHOT_MACHINE_GUN,Gunshot audio dataset,284
GUNSHOT_MACHINE_GUN_gad_285.wav,/workspaces/danger-classifier-model/dataset/GUNSHOT_MACHINE_GUN_gad_285.wav,6,GUNSHOT_MACHINE_GUN,Gunshot audio dataset,285
GUNSHOT_MACHINE_GUN_gad_286.wav,/workspaces/danger-classifier-model/dataset/GUNSHOT_MACHINE_GUN_gad_286.wav,6,GUNSHOT_MACHINE_GUN,Gunshot audio dataset,286
GUNSHOT_MACHINE_GUN_gad_287.wav,/workspaces/danger-classifier-model/dataset/GUNSHOT_MACHINE_GUN_gad_287.wav,6,GUNSHOT_MACHINE_GUN,Gunshot audio dataset,287
GUNSHOT_MACHINE_GUN_gad_288.wav,/workspaces/danger-classifier-model/dataset/GUNSHOT_MACHINE_GUN_gad_288.wav,6,GUNSHOT_MACHINE_GUN,Gunshot audio dataset,288
GUNSHOT_MACHINE_GUN_gad_289.wav,/workspaces/danger-classifier-model/dataset/GUNSHOT_MACHINE_GUN_gad_289.wav,6,GUNSHOT_MACHINE_GUN,Gunshot audio dataset,289
GUNSHOT_MACHINE_GUN_gad_290.wav,/workspaces/danger-classifier-model/dataset/GUNSHOT_MACHINE_GUN_gad_290.wav,6,GUNSHOT_MACHINE_GUN,Gunshot audio dataset,290
GUNSHOT_MACHINE_GUN_gad_291.wav,/workspaces/danger-classifier-model/dataset/GUNSHOT_MACHINE_GUN_gad_291.wav,6,GUNSHOT_MACHINE_GUN,Gunshot audio dataset,291
GUNSHOT_MACHINE_GUN_gad_292.wav,/workspaces/danger-classifier-model/dataset/GUNSHOT_MACHINE_GUN_gad_292.wav,6,GUNSHOT_MACHINE_GUN,Gunshot audio dataset,292
GUNSHOT_MACHINE_GUN_gad_293.wav,/workspaces/danger-classifier-model/dataset/GUNSHOT_MACHINE_GUN_gad_293.wav,6,GUNSHOT_MACHINE_GUN,Gunshot audio dataset,293
GUNSHOT_MACHINE_GUN_gad_294.wav,/workspaces/danger-classifier-model/dataset/GUNSHOT_MACHINE_GUN_gad_294.wav,6,GUNSHOT_MACHINE_GUN,Gunshot audio dataset,294
GUNSHOT_MACHINE_GUN_gad_295.wav,/workspaces/danger-classifier-model/dataset/GUNSHOT_MACHINE_GUN_gad_295.wav,6,GUNSHOT_MACHINE_GUN,Gunshot audio dataset,295
GUNSHOT_MACHINE_GUN_gad_296.wav,/workspaces/danger-classifier-model/dataset/GUNSHOT_MACHINE_GUN_gad_296.wav,6,GUNSHOT_MACHINE_GUN,Gunshot audio dataset,296
GUNSHOT_MACHINE_GUN_gad_297.wav,/workspaces/danger-classifier-model/dataset/GUNSHOT_MACHINE_GUN_gad_297.wav,6,GUNSHOT_MACHINE_GUN,Gunshot audio dataset,297
GUNSHOT_MACHINE_GUN_gad_298.wav,/workspaces/danger-classifier-model/dataset/GUNSHOT_MACHINE_GUN_gad_298.wav,6,GUNSHOT_MACHINE_GUN,Gunshot audio dataset,298
GUNSHOT_MACHINE_GUN_gad_299.wav,/workspaces/danger-classifier-model/dataset/GUNSHOT_MACHINE_GUN_gad_299.wav,6,GUNSHOT_MACHINE_GUN,Gunshot audio dataset,299
GUNSHOT_MACHINE_GUN_gad_300.wav,/workspaces/danger-classifier-model/dataset/GUNSHOT_MACHINE_GUN_gad_300.wav,6,GUNSHOT_MACHINE_GUN,Gunshot audio dataset,300
GUNSHOT_MACHINE_GUN_gad_301.wav,/workspaces/danger-classifier-model/dataset/GUNSHOT_MACHINE_GUN_gad_301.wav,6,GUNSHOT_MACHINE_GUN,Gunshot audio dataset,301
GUNSHOT_MACHINE_GUN_gad_302.wav,/workspaces/danger-classifier-model/dataset/GUNSHOT_MACHINE_GUN_gad_302.wav,6,GUNSHOT_MACHINE_GUN,Gunshot audio dataset,302
GUNSHOT_MACHINE_GUN_gad_303.wav,/workspaces/danger-classifier-model/dataset/GUNSHOT_MACHINE_GUN_gad_303.wav,6,GUNSHOT_MACHINE_GUN,Gunshot audio dataset,303
GUNSHOT_MACHINE_GUN_gad_304.wav,/workspaces/danger-classifier-model/dataset/GUNSHOT_MACHINE_GUN_gad_304.wav,6,GUNSHOT_MACHINE_GUN,Gunshot audio dataset,304
GUNSHOT_MACHINE_GUN_gad_305.wav,/workspaces/danger-classifier-model/dataset/GUNSHOT_MACHINE_GUN_gad_305.wav,6,GUNSHOT_MACHINE_GUN,Gunshot audio dataset,305
GUNSHOT_MACHINE_GUN_gad_306.wav,/workspaces/danger-classifier-model/dataset/GUNSHOT_MACHINE_GUN_gad_306.wav,6,GUNSHOT_MACHINE_GUN,Gunshot audio dataset,306
GUNSHOT_MACHINE_GUN_gad_307.wav,/workspaces/danger-classifier-model/dataset/GUNSHOT_MACHINE_GUN_gad_307.wav,6,GUNSHOT_MACHINE_GUN,Gunshot audio dataset,307
GUNSHOT_MACHINE_GUN_gad_308.wav,/workspaces/danger-classifier-model/dataset/GUNSHOT_MACHINE_GUN_gad_308.wav,6,GUNSHOT_MACHINE_GUN,Gunshot audio dataset,308
GUNSHOT_MACHINE_GUN_gad_309.wav,/workspaces/danger-classifier-model/dataset/GUNSHOT_MACHINE_GUN_gad_309.wav,6,GUNSHOT_MACHINE_GUN,Gunshot audio dataset,309
GUNSHOT_MACHINE_GUN_gad_310.wav,/workspaces/danger-classifier-model/dataset/GUNSHOT_MACHINE_GUN_gad_310.wav,6,GUNSHOT_MACHINE_GUN,Gunshot audio dataset,310
GUNSHOT_MACHINE_GUN_gad_311.wav,/workspaces/danger-classifier-model/dataset/GUNSHOT_MACHINE_GUN_gad_311.wav,6,GUNSHOT_MACHINE_GUN,Gunshot audio dataset,311
GUNSHOT_MACHINE_GUN_gad_312.wav,/workspaces/danger-classifier-model/dataset/GUNSHOT_MACHINE_GUN_gad_312.wav,6,GUNSHOT_MACHINE_GUN,Gunshot audio dataset,312
GUNSHOT_MACHINE_GUN_gad_313.wav,/workspaces/danger-classifier-model/dataset/GUNSHOT_MACHINE_GUN_gad_313.wav,6,GUNSHOT_MACHINE_GUN,Gunshot audio dataset,313
GUNSHOT_MACHINE_GUN_gad_314.wav,/workspaces/danger-classifier-model/dataset/GUNSHOT_MACHINE_GUN_gad_314.wav,6,GUNSHOT_MACHINE_GUN,Gunshot audio dataset,314
GUNSHOT_MACHINE_GUN_gad_315.wav,/workspaces/danger-classifier-model/dataset/GUNSHOT_MACHINE_GUN_gad_315.wav,6,GUNSHOT_MACHINE_GUN,Gunshot audio dataset,315
GUNSHOT_MACHINE_GUN_gad_316.wav,/workspaces/danger-classifier-model/dataset/GUNSHOT_MACHINE_GUN_gad_316.wav,6,GUNSHOT_MACHINE_GUN,Gunshot audio dataset,316
GUNSHOT_MACHINE_GUN_gad_317.wav,/workspaces/danger-classifier-model/dataset/GUNSHOT_MACHINE_GUN_gad_317.wav,6,GUNSHOT_MACHINE_GUN,Gunshot audio dataset,317
GUNSHOT_MACHINE_GUN_gad_318.wav,/workspaces/danger-classifier-model/dataset/GUNSHOT_MACHINE_GUN_gad_318.wav,6,GUNSHOT_MACHINE_GUN,Gunshot audio dataset,318
GUNSHOT_MACHINE_GUN_gad_319.wav,/workspaces/danger-classifier-model/dataset/GUNSHOT_MACHINE_GUN_gad_319.wav,6,GUNSHOT_MACHINE_GUN,Gunshot audio dataset,319
GUNSHOT_MACHINE_GUN_gad_320.wav,/workspaces/danger-classifier-model/dataset/GUNSHOT_MACHINE_GUN_gad_320.wav,6,GUNSHOT_MACHINE_GUN,Gunshot audio dataset,320
GUNSHOT_MACHINE_GUN_gad_321.wav,/workspaces/danger-classifier-model/dataset/GUNSHOT_MACHINE_GUN_gad_321.wav,6,GUNSHOT_MACHINE_GUN,Gunshot audio dataset,321
GUNSHOT_MACHINE_GUN_gad_322.wav,/workspaces/danger-classifier-model/dataset/GUNSHOT_MACHINE_GUN_gad_322.wav,6,GUNSHOT_MACHINE_GUN,Gunshot audio dataset,322
GUNSHOT_MACHINE_GUN_gad_323.wav,/workspaces/danger-classifier-model/dataset/GUNSHOT_MACHINE_GUN_gad_323.wav,6,GUNSHOT_MACHINE_GUN,Gunshot audio dataset,323
GUNSHOT_MACHINE_GUN_gad_324.wav,/workspaces/danger-classifier-model/dataset/GUNSHOT_MACHINE_GUN_gad_324.wav,6,GUNSHOT_MACHINE_GUN,Gunshot audio dataset,324
GUNSHOT_MACHINE_GUN_gad_325.wav,/workspaces/danger-classifier-model/dataset/GUNSHOT_MACHINE_GUN_gad_325.wav,6,GUNSHOT_MACHINE_GUN,Gunshot audio dataset,325
GUNSHOT_MACHINE_GUN_gad_326.wav,/workspaces/danger-classifier-model/dataset/GUNSHOT_MACHINE_GUN_gad_326.wav,6,GUNSHOT_MACHINE_GUN,Gunshot audio dataset,326
GUNSHOT_MACHINE_GUN_gad_327.wav,/workspaces/danger-classifier-model/dataset/GUNSHOT_MACHINE_GUN_gad_327.wav,6,GUNSHOT_MACHINE_GUN,Gunshot audio dataset,327
GUNSHOT_MACHINE_GUN_gad_328.wav,/workspaces/danger-classifier-model/dataset/GUNSHOT_MACHINE_GUN_gad_328.wav,6,GUNSHOT_MACHINE_GUN,Gunshot audio dataset,328
GUNSHOT_MACHINE_GUN_gad_329.wav,/workspaces/danger-classifier-model/dataset/GUNSHOT_MACHINE_GUN_gad_329.wav,6,GUNSHOT_MACHINE_GUN,Gunshot audio dataset,329
GUNSHOT_MACHINE_GUN_gad_330.wav,/workspaces/danger-classifier-model/dataset/GUNSHOT_MACHINE_GUN_gad_330.wav,6,GUNSHOT_MACHINE_GUN,Gunshot audio dataset,330
GUNSHOT_MACHINE_GUN_gad_331.wav,/workspaces/danger-classifier-model/dataset/GUNSHOT_MACHINE_GUN_gad_331.wav,6,GUNSHOT_MACHINE_GUN,Gunshot audio dataset,331
GUNSHOT_MACHINE_GUN_gad_332.wav,/workspaces/danger-classifier-model/dataset/GUNSHOT_MACHINE_GUN_gad_332.wav,6,GUNSHOT_MACHINE_GUN,Gunshot audio dataset,332
GUNSHOT_MACHINE_GUN_gad_333.wav,/workspaces/danger-classifier-model/dataset/GUNSHOT_MACHINE_GUN_gad_333.wav,6,GUNSHOT_MACHINE_GUN,Gunshot audio dataset,333
GUNSHOT_MACHINE_GUN_gad_334.wav,/workspaces/danger-classifier-model/dataset/GUNSHOT_MACHINE_GUN_gad_334.wav,6,GUNSHOT_MACHINE_GUN,Gunshot audio dataset,334
GUNSHOT_MACHINE_GUN_gad_335.wav,/workspaces/danger-classifier-model/dataset/GUNSHOT_MACHINE_GUN_gad_335.wav,6,GUNSHOT_MACHINE_GUN,Gunshot audio dataset,335
GUNSHOT_MACHINE_GUN_gad_336.wav,/workspaces/danger-classifier-model/dataset/GUNSHOT_MACHINE_GUN_gad_336.wav,6,GUNSHOT_MACHINE_GUN,Gunshot audio dataset,336
GUNSHOT_MACHINE_GUN_gad_337.wav,/workspaces/danger-classifier-model/dataset/GUNSHOT_MACHINE_GUN_gad_337.wav,6,GUNSHOT_MACHINE_GUN,Gunshot audio dataset,337
GUNSHOT_MACHINE_GUN_gad_338.wav,/workspaces/danger-classifier-model/dataset/GUNSHOT_MACHINE_GUN_gad_338.wav,6,GUNSHOT_MACHINE_GUN,Gunshot audio dataset,338
GUNSHOT_MACHINE_GUN_gad_339.wav,/workspaces/danger-classifier-model/dataset/GUNSHOT_MACHINE_GUN_gad_339.wav,6,GUNSHOT_MACHINE_GUN,Gunshot audio dataset,339
GUNSHOT_MACHINE_GUN_gad_340.wav,/workspaces/danger-classifier-model/dataset/GUNSHOT_MACHINE_GUN_gad_340.wav,6,GUNSHOT_MACHINE_GUN,Gunshot audio dataset,340
GUNSHOT_MACHINE_GUN_gad_341.wav,/workspaces/danger-classifier-model/dataset/GUNSHOT_MACHINE_GUN_gad_341.wav,6,GUNSHOT_MACHINE_GUN,Gunshot audio dataset,341
GUNSHOT_MACHINE_GUN_gad_342.wav,/workspaces/danger-classifier-model/dataset/GUNSHOT_MACHINE_GUN_gad_342.wav,6,GUNSHOT_MACHINE_GUN,Gunshot audio dataset,342
GUNSHOT_MACHINE_GUN_gad_343.wav,/workspaces/danger-classifier-model/dataset/GUNSHOT_MACHINE_GUN_gad_343.wav,6,GUNSHOT_MACHINE_GUN,Gunshot audio dataset,343
GUNSHOT_MACHINE_GUN_gad_344.wav,/workspaces/danger-classifier-model/dataset/GUNSHOT_MACHINE_GUN_gad_344.wav,6,GUNSHOT_MACHINE_GUN,Gunshot audio dataset,344
GUNSHOT_MACHINE_GUN_gad_345.wav,/workspaces/danger-classifier-model/dataset/GUNSHOT_MACHINE_GUN_gad_345.wav,6,GUNSHOT_MACHINE_GUN,Gunshot audio dataset,345
GUNSHOT_MACHINE_GUN_gad_346.wav,/workspaces/danger-classifier-model/dataset/GUNSHOT_MACHINE_GUN_gad_346.wav,6,GUNSHOT_MACHINE_GUN,Gunshot audio dataset,346
GUNSHOT_MACHINE_GUN_gad_347.wav,/workspaces/danger-classifier-model/dataset/GUNSHOT_MACHINE_GUN_gad_347.wav,6,GUNSHOT_MACHINE_GUN,Gunshot audio dataset,347
GUNSHOT_MACHINE_GUN_gad_348.wav,/workspaces/danger-classifier-model/dataset/GUNSHOT_MACHINE_GUN_gad_348.wav,6,GUNSHOT_MACHINE_GUN,Gunshot audio dataset,348
GUNSHOT_MACHINE_GUN_gad_349.wav,/workspaces/danger-classifier-model/dataset/GUNSHOT_MACHINE_GUN_gad_349.wav,6,GUNSHOT_MACHINE_GUN,Gunshot audio dataset,349
GUNSHOT_MACHINE_GUN_gad_350.wav,/workspaces/danger-classifier-model/dataset/GUNSHOT_MACHINE_GUN_gad_350.wav,6,GUNSHOT_MACHINE_GUN,Gunshot audio dataset,350
GUNSHOT_MACHINE_GUN_gad_351.wav,/workspaces/danger-classifier-model/dataset/GUNSHOT_MACHINE_GUN_gad_351.wav,6,GUNSHOT_MACHINE_GUN,Gunshot audio dataset,351
GUNSHOT_MACHINE_GUN_gad_352.wav,/workspaces/danger-classifier-model/dataset/GUNSHOT_MACHINE_GUN_gad_352.wav,6,GUNSHOT_MACHINE_GUN,Gunshot audio dataset,352
GUNSHOT_MACHINE_GUN_gad_353.wav,/workspaces/danger-classifier-model/dataset/GUNSHOT_MACHINE_GUN_gad_353.wav,6,GUNSHOT_MACHINE_GUN,Gunshot audio dataset,353
GUNSHOT_MACHINE_GUN_gad_354.wav,/workspaces/danger-classifier-model/dataset/GUNSHOT_MACHINE_GUN_gad_354.wav,6,GUNSHOT_MACHINE_GUN,Gunshot audio dataset,354
GUNSHOT_MACHINE_GUN_gad_355.wav,/workspaces/danger-classifier-model/dataset/GUNSHOT_MACHINE_GUN_gad_355.wav,6,GUNSHOT_MACHINE_GUN,Gunshot audio dataset,355
GUNSHOT_MACHINE_GUN_gad_356.wav,/workspaces/danger-classifier-model/dataset/GUNSHOT_MACHINE_GUN_gad_356.wav,6,GUNSHOT_MACHINE_GUN,Gunshot audio dataset,356
GUNSHOT_MACHINE_GUN_gad_357.wav,/workspaces/danger-classifier-model/dataset/GUNSHOT_MACHINE_GUN_gad_357.wav,6,GUNSHOT_MACHINE_GUN,Gunshot audio dataset,357
GUNSHOT_MACHINE_GUN_gad_358.wav,/workspaces/danger-classifier-model/dataset/GUNSHOT_MACHINE_GUN_gad_358.wav,6,GUNSHOT_MACHINE_GUN,Gunshot audio dataset,358
GUNSHOT_MACHINE_GUN_gad_359.wav,/workspaces/danger-classifier-model/dataset/GUNSHOT_MACHINE_GUN_gad_359.wav,6,GUNSHOT_MACHINE_GUN,Gunshot audio dataset,359
GUNSHOT_MACHINE_GUN_gad_360.wav,/workspaces/danger-classifier-model/dataset/GUNSHOT_MACHINE_GUN_gad_360.wav,6,GUNSHOT_MACHINE_GUN,Gunshot audio dataset,360
GUNSHOT_MACHINE_GUN_gad_361.wav,/workspaces/danger-classifier-model/dataset/GUNSHOT_MACHINE_GUN_gad_361.wav,6,GUNSHOT_MACHINE_GUN,Gunshot audio dataset,361
GUNSHOT_MACHINE_GUN_gad_362.wav,/workspaces/danger-classifier-model/dataset/GUNSHOT_MACHINE_GUN_gad_362.wav,6,GUNSHOT_MACHINE_GUN,Gunshot audio dataset,362
GUNSHOT_MACHINE_GUN_gad_363.wav,/workspaces/danger-classifier-model/dataset/GUNSHOT_MACHINE_GUN_gad_363.wav,6,GUNSHOT_MACHINE_GUN,Gunshot audio dataset,363
GUNSHOT_MACHINE_GUN_gad_364.wav,/workspaces/danger-classifier-model/dataset/GUNSHOT_MACHINE_GUN_gad_364.wav,6,GUNSHOT_MACHINE_GUN,Gunshot audio dataset,364
GUNSHOT_MACHINE_GUN_gad_365.wav,/workspaces/danger-classifier-model/dataset/GUNSHOT_MACHINE_GUN_gad_365.wav,6,GUNSHOT_MACHINE_GUN,Gunshot audio dataset,365
GUNSHOT_MACHINE_GUN_gad_366.wav,/workspaces/danger-classifier-model/dataset/GUNSHOT_MACHINE_GUN_gad_366.wav,6,GUNSHOT_MACHINE_GUN,Gunshot audio dataset,366
GUNSHOT_MACHINE_GUN_gad_367.wav,/workspaces/danger-classifier-model/dataset/GUNSHOT_MACHINE_GUN_gad_367.wav,6,GUNSHOT_MACHINE_GUN,Gunshot audio dataset,367
GUNSHOT_MACHINE_GUN_gad_368.wav,/workspaces/danger-classifier-model/dataset/GUNSHOT_MACHINE_GUN_gad_368.wav,6,GUNSHOT_MACHINE_GUN,Gunshot audio dataset,368
GUNSHOT_MACHINE_GUN_gad_369.wav,/workspaces/danger-classifier-model/dataset/GUNSHOT_MACHINE_GUN_gad_369.wav,6,GUNSHOT_MACHINE_GUN,Gunshot audio dataset,369
GUNSHOT_MACHINE_GUN_gad_370.wav,/workspaces/danger-classifier-model/dataset/GUNSHOT_MACHINE_GUN_gad_370.wav,6,GUNSHOT_MACHINE_GUN,Gunshot audio dataset,370
GUNSHOT_MACHINE_GUN_gad_371.wav,/workspaces/danger-classifier-model/dataset/GUNSHOT_MACHINE_GUN_gad_371.wav,6,GUNSHOT_MACHINE_GUN,Gunshot audio dataset,371
GUNSHOT_MACHINE_GUN_gad_372.wav,/workspaces/danger-classifier-model/dataset/GUNSHOT_MACHINE_GUN_gad_372.wav,6,GUNSHOT_MACHINE_GUN,Gunshot audio dataset,372
GUNSHOT_MACHINE_GUN_gad_373.wav,/workspaces/danger-classifier-model/dataset/GUNSHOT_MACHINE_GUN_gad_373.wav,6,GUNSHOT_MACHINE_GUN,Gunshot audio dataset,373
GUNSHOT_MACHINE_GUN_gad_374.wav,/workspaces/danger-classifier-model/dataset/GUNSHOT_MACHINE_GUN_gad_374.wav,6,GUNSHOT_MACHINE_GUN,Gunshot audio dataset,374
GUNSHOT_MACHINE_GUN_gad_375.wav,/workspaces/danger-classifier-model/dataset/GUNSHOT_MACHINE_GUN_gad_375.wav,6,GUNSHOT_MACHINE_GUN,Gunshot audio dataset,375
GUNSHOT_MACHINE_GUN_gad_376.wav,/workspaces/danger-classifier-model/dataset/GUNSHOT_MACHINE_GUN_gad_376.wav,6,GUNSHOT_MACHINE_GUN,Gunshot audio dataset,376
GUNSHOT_MACHINE_GUN_gad_377.wav,/workspaces/danger-classifier-model/dataset/GUNSHOT_MACHINE_GUN_gad_377.wav,6,GUNSHOT_MACHINE_GUN,Gunshot audio dataset,377
GUNSHOT_MACHINE_GUN_gad_378.wav,/workspaces/danger-classifier-model/dataset/GUNSHOT_MACHINE_GUN_gad_378.wav,6,GUNSHOT_MACHINE_GUN,Gunshot audio dataset,378
GUNSHOT_MACHINE_GUN_gad_379.wav,/workspaces/danger-classifier-model/dataset/GUNSHOT_MACHINE_GUN_gad_379.wav,6,GUNSHOT_MACHINE_GUN,Gunshot audio dataset,379
GUNSHOT_MACHINE_GUN_gad_380.wav,/workspaces/danger-classifier-model/dataset/GUNSHOT_MACHINE_GUN_gad_380.wav,6,GUNSHOT_MACHINE_GUN,Gunshot audio dataset,380
GUNSHOT_HANDGUN_gad_381.wav,/workspaces/danger-classifier-model/dataset/GUNSHOT_HANDGUN_gad_381.wav,4,GUNSHOT_HANDGUN,Gunshot audio dataset,381
GUNSHOT_HANDGUN_gad_382.wav,/workspaces/danger-classifier-model/dataset/GUNSHOT_HANDGUN_gad_382.wav,4,GUNSHOT_HANDGUN,Gunshot audio dataset,382
GUNSHOT_HANDGUN_gad_383.wav,/workspaces/danger-classifier-model/dataset/GUNSHOT_HANDGUN_gad_383.wav,4,GUNSHOT_HANDGUN,Gunshot audio dataset,383
GUNSHOT_HANDGUN_gad_384.wav,/workspaces/danger-classifier-model/dataset/GUNSHOT_HANDGUN_gad_384.wav,4,GUNSHOT_HANDGUN,Gunshot audio dataset,384
GUNSHOT_HANDGUN_gad_385.wav,/workspaces/danger-classifier-model/dataset/GUNSHOT_HANDGUN_gad_385.wav,4,GUNSHOT_HANDGUN,Gunshot audio dataset,385
GUNSHOT_HANDGUN_gad_386.wav,/workspaces/danger-classifier-model/dataset/GUNSHOT_HANDGUN_gad_386.wav,4,GUNSHOT_HANDGUN,Gunshot audio dataset,386
GUNSHOT_HANDGUN_gad_387.wav,/workspaces/danger-classifier-model/dataset/GUNSHOT_HANDGUN_gad_387.wav,4,GUNSHOT_HANDGUN,Gunshot audio dataset,387
GUNSHOT_HANDGUN_gad_388.wav,/workspaces/danger-classifier-model/dataset/GUNSHOT_HANDGUN_gad_388.wav,4,GUNSHOT_HANDGUN,Gunshot audio dataset,388
GUNSHOT_HANDGUN_gad_389.wav,/workspaces/danger-classifier-model/dataset/GUNSHOT_HANDGUN_gad_389.wav,4,GUNSHOT_HANDGUN,Gunshot audio dataset,389
GUNSHOT_HANDGUN_gad_390.wav,/workspaces/danger-classifier-model/dataset/GUNSHOT_HANDGUN_gad_390.wav,4,GUNSHOT_HANDGUN,Gunshot audio dataset,390
GUNSHOT_HANDGUN_gad_391.wav,/workspaces/danger-classifier-model/dataset/GUNSHOT_HANDGUN_gad_391.wav,4,GUNSHOT_HANDGUN,Gunshot audio dataset,391
GUNSHOT_HANDGUN_gad_392.wav,/workspaces/danger-classifier-model/dataset/GUNSHOT_HANDGUN_gad_392.wav,4,GUNSHOT_HANDGUN,Gunshot audio dataset,392
GUNSHOT_HANDGUN_gad_393.wav,/workspaces/danger-classifier-model/dataset/GUNSHOT_HANDGUN_gad_393.wav,4,GUNSHOT_HANDGUN,Gunshot audio dataset,393
GUNSHOT_HANDGUN_gad_394.wav,/workspaces/danger-classifier-model/dataset/GUNSHOT_HANDGUN_gad_394.wav,4,GUNSHOT_HANDGUN,Gunshot audio dataset,394
GUNSHOT_HANDGUN_gad_395.wav,/workspaces/danger-classifier-model/dataset/GUNSHOT_HANDGUN_gad_395.wav,4,GUNSHOT_HANDGUN,Gunshot audio dataset,395
GUNSHOT_HANDGUN_gad_396.wav,/workspaces/danger-classifier-model/dataset/GUNSHOT_HANDGUN_gad_396.wav,4,GUNSHOT_HANDGUN,Gunshot audio dataset,396
GUNSHOT_HANDGUN_gad_397.wav,/workspaces/danger-classifier-model/dataset/GUNSHOT_HANDGUN_gad_397.wav,4,GUNSHOT_HANDGUN,Gunshot audio dataset,397
GUNSHOT_HANDGUN_gad_398.wav,/workspaces/danger-classifier-model/dataset/GUNSHOT_HANDGUN_gad_398.wav,4,GUNSHOT_HANDGUN,Gunshot audio dataset,398
GUNSHOT_HANDGUN_gad_399.wav,/workspaces/danger-classifier-model/dataset/GUNSHOT_HANDGUN_gad_399.wav,4,GUNSHOT_HANDGUN,Gunshot audio dataset,399
GUNSHOT_HANDGUN_gad_400.wav,/workspaces/danger-classifier-model/dataset/GUNSHOT_HANDGUN_gad_400.wav,4,GUNSHOT_HANDGUN,Gunshot audio dataset,400
GUNSHOT_HANDGUN_gad_401.wav,/workspaces/danger-classifier-model/dataset/GUNSHOT_HANDGUN_gad_401.wav,4,GUNSHOT_HANDGUN,Gunshot audio dataset,401
GUNSHOT_HANDGUN_gad_402.wav,/workspaces/danger-classifier-model/dataset/GUNSHOT_HANDGUN_gad_402.wav,4,GUNSHOT_HANDGUN,Gunshot audio dataset,402
GUNSHOT_HANDGUN_gad_403.wav,/workspaces/danger-classifier-model/dataset/GUNSHOT_HANDGUN_gad_403.wav,4,GUNSHOT_HANDGUN,Gunshot audio dataset,403
GUNSHOT_HANDGUN_gad_404.wav,/workspaces/danger-classifier-model/dataset/GUNSHOT_HANDGUN_gad_404.wav,4,GUNSHOT_HANDGUN,Gunshot audio dataset,404
GUNSHOT_HANDGUN_gad_405.wav,/workspaces/danger-classifier-model/dataset/GUNSHOT_HANDGUN_gad_405.wav,4,GUNSHOT_HANDGUN,Gunshot audio dataset,405
GUNSHOT_HANDGUN_gad_406.wav,/workspaces/danger-classifier-model/dataset/GUNSHOT_HANDGUN_gad_406.wav,4,GUNSHOT_HANDGUN,Gunshot audio dataset,406
GUNSHOT_HANDGUN_gad_407.wav,/workspaces/danger-classifier-model/dataset/GUNSHOT_HANDGUN_gad_407.wav,4,GUNSHOT_HANDGUN,Gunshot audio dataset,407
GUNSHOT_HANDGUN_gad_408.wav,/workspaces/danger-classifier-model/dataset/GUNSHOT_HANDGUN_gad_408.wav,4,GUNSHOT_HANDGUN,Gunshot audio dataset,408
GUNSHOT_HANDGUN_gad_409.wav,/workspaces/danger-classifier-model/dataset/GUNSHOT_HANDGUN_gad_409.wav,4,GUNSHOT_HANDGUN,Gunshot audio dataset,409
GUNSHOT_HANDGUN_gad_410.wav,/workspaces/danger-classifier-model/dataset/GUNSHOT_HANDGUN_gad_410.wav,4,GUNSHOT_HANDGUN,Gunshot audio dataset,410
GUNSHOT_HANDGUN_gad_411.wav,/workspaces/danger-classifier-model/dataset/GUNSHOT_HANDGUN_gad_411.wav,4,GUNSHOT_HANDGUN,Gunshot audio dataset,411
GUNSHOT_HANDGUN_gad_412.wav,/workspaces/danger-classifier-model/dataset/GUNSHOT_HANDGUN_gad_412.wav,4,GUNSHOT_HANDGUN,Gunshot audio dataset,412
GUNSHOT_HANDGUN_gad_413.wav,/workspaces/danger-classifier-model/dataset/GUNSHOT_HANDGUN_gad_413.wav,4,GUNSHOT_HANDGUN,Gunshot audio dataset,413
GUNSHOT_HANDGUN_gad_414.wav,/workspaces/danger-classifier-model/dataset/GUNSHOT_HANDGUN_gad_414.wav,4,GUNSHOT_HANDGUN,Gunshot audio dataset,414
GUNSHOT_HANDGUN_gad_415.wav,/workspaces/danger-classifier-model/dataset/GUNSHOT_HANDGUN_gad_415.wav,4,GUNSHOT_HANDGUN,Gunshot audio dataset,415
GUNSHOT_HANDGUN_gad_416.wav,/workspaces/danger-classifier-model/dataset/GUNSHOT_HANDGUN_gad_416.wav,4,GUNSHOT_HANDGUN,Gunshot audio dataset,416
GUNSHOT_HANDGUN_gad_417.wav,/workspaces/danger-classifier-model/dataset/GUNSHOT_HANDGUN_gad_417.wav,4,GUNSHOT_HANDGUN,Gunshot audio dataset,417
GUNSHOT_HANDGUN_gad_418.wav,/workspaces/danger-classifier-model/dataset/GUNSHOT_HANDGUN_gad_418.wav,4,GUNSHOT_HANDGUN,Gunshot audio dataset,418
GUNSHOT_HANDGUN_gad_419.wav,/workspaces/danger-classifier-model/dataset/GUNSHOT_HANDGUN_gad_419.wav,4,GUNSHOT_HANDGUN,Gunshot audio dataset,419
GUNSHOT_HANDGUN_gad_420.wav,/workspaces/danger-classifier-model/dataset/GUNSHOT_HANDGUN_gad_420.wav,4,GUNSHOT_HANDGUN,Gunshot audio dataset,420
GUNSHOT_HANDGUN_gad_421.wav,/workspaces/danger-classifier-model/dataset/GUNSHOT_HANDGUN_gad_421.wav,4,GUNSHOT_HANDGUN,Gunshot audio dataset,421
GUNSHOT_HANDGUN_gad_422.wav,/workspaces/danger-classifier-model/dataset/GUNSHOT_HANDGUN_gad_422.wav,4,GUNSHOT_HANDGUN,Gunshot audio dataset,422
GUNSHOT_HANDGUN_gad_423.wav,/workspaces/danger-classifier-model/dataset/GUNSHOT_HANDGUN_gad_423.wav,4,GUNSHOT_HANDGUN,Gunshot audio dataset,423
GUNSHOT_HANDGUN_gad_424.wav,/workspaces/danger-classifier-model/dataset/GUNSHOT_HANDGUN_gad_424.wav,4,GUNSHOT_HANDGUN,Gunshot audio dataset,424
GUNSHOT_HANDGUN_gad_425.wav,/workspaces/danger-classifier-model/dataset/GUNSHOT_HANDGUN_gad_425.wav,4,GUNSHOT_HANDGUN,Gunshot audio dataset,425
GUNSHOT_HANDGUN_gad_426.wav,/workspaces/danger-classifier-model/dataset/GUNSHOT_HANDGUN_gad_426.wav,4,GUNSHOT_HANDGUN,Gunshot audio dataset,426
GUNSHOT_HANDGUN_gad_427.wav,/workspaces/danger-classifier-model/dataset/GUNSHOT_HANDGUN_gad_427.wav,4,GUNSHOT_HANDGUN,Gunshot audio dataset,427
GUNSHOT_HANDGUN_gad_428.wav,/workspaces/danger-classifier-model/dataset/GUNSHOT_HANDGUN_gad_428.wav,4,GUNSHOT_HANDGUN,Gunshot audio dataset,428
GUNSHOT_HANDGUN_gad_429.wav,/workspaces/danger-classifier-model/dataset/GUNSHOT_HANDGUN_gad_429.wav,4,GUNSHOT_HANDGUN,Gunshot audio dataset,429
GUNSHOT_HANDGUN_gad_430.wav,/workspaces/danger-classifier-model/dataset/GUNSHOT_HANDGUN_gad_430.wav,4,GUNSHOT_HANDGUN,Gunshot audio dataset,430
GUNSHOT_HANDGUN_gad_431.wav,/workspaces/danger-classifier-model/dataset/GUNSHOT_HANDGUN_gad_431.wav,4,GUNSHOT_HANDGUN,Gunshot audio dataset,431
GUNSHOT_HANDGUN_gad_432.wav,/workspaces/danger-classifier-model/dataset/GUNSHOT_HANDGUN_gad_432.wav,4,GUNSHOT_HANDGUN,Gunshot audio dataset,432
GUNSHOT_HANDGUN_gad_433.wav,/workspaces/danger-classifier-model/dataset/GUNSHOT_HANDGUN_gad_433.wav,4,GUNSHOT_HANDGUN,Gunshot audio dataset,433
GUNSHOT_HANDGUN_gad_434.wav,/workspaces/danger-classifier-model/dataset/GUNSHOT_HANDGUN_gad_434.wav,4,GUNSHOT_HANDGUN,Gunshot audio dataset,434
GUNSHOT_HANDGUN_gad_435.wav,/workspaces/danger-classifier-model/dataset/GUNSHOT_HANDGUN_gad_435.wav,4,GUNSHOT_HANDGUN,Gunshot audio dataset,435
GUNSHOT_HANDGUN_gad_436.wav,/workspaces/danger-classifier-model/dataset/GUNSHOT_HANDGUN_gad_436.wav,4,GUNSHOT_HANDGUN,Gunshot audio dataset,436
GUNSHOT_HANDGUN_gad_437.wav,/workspaces/danger-classifier-model/dataset/GUNSHOT_HANDGUN_gad_437.wav,4,GUNSHOT_HANDGUN,Gunshot audio dataset,437
GUNSHOT_HANDGUN_gad_438.wav,/workspaces/danger-classifier-model/dataset/GUNSHOT_HANDGUN_gad_438.wav,4,GUNSHOT_HANDGUN,Gunshot audio dataset,438
GUNSHOT_HANDGUN_gad_439.wav,/workspaces/danger-classifier-model/dataset/GUNSHOT_HANDGUN_gad_439.wav,4,GUNSHOT_HANDGUN,Gunshot audio dataset,439
GUNSHOT_HANDGUN_gad_440.wav,/workspaces/danger-classifier-model/dataset/GUNSHOT_HANDGUN_gad_440.wav,4,GUNSHOT_HANDGUN,Gunshot audio dataset,440
GUNSHOT_HANDGUN_gad_441.wav,/workspaces/danger-classifier-model/dataset/GUNSHOT_HANDGUN_gad_441.wav,4,GUNSHOT_HANDGUN,Gunshot audio dataset,441
GUNSHOT_HANDGUN_gad_442.wav,/workspaces/danger-classifier-model/dataset/GUNSHOT_HANDGUN_gad_442.wav,4,GUNSHOT_HANDGUN,Gunshot audio dataset,442
GUNSHOT_HANDGUN_gad_443.wav,/workspaces/danger-classifier-model/dataset/GUNSHOT_HANDGUN_gad_443.wav,4,GUNSHOT_HANDGUN,Gunshot audio dataset,443
GUNSHOT_HANDGUN_gad_444.wav,/workspaces/danger-classifier-model/dataset/GUNSHOT_HANDGUN_gad_444.wav,4,GUNSHOT_HANDGUN,Gunshot audio dataset,444
GUNSHOT_HANDGUN_gad_445.wav,/workspaces/danger-classifier-model/dataset/GUNSHOT_HANDGUN_gad_445.wav,4,GUNSHOT_HANDGUN,Gunshot audio dataset,445
GUNSHOT_HANDGUN_gad_446.wav,/workspaces/danger-classifier-model/dataset/GUNSHOT_HANDGUN_gad_446.wav,4,GUNSHOT_HANDGUN,Gunshot audio dataset,446
GUNSHOT_HANDGUN_gad_447.wav,/workspaces/danger-classifier-model/dataset/GUNSHOT_HANDGUN_gad_447.wav,4,GUNSHOT_HANDGUN,Gunshot audio dataset,447
GUNSHOT_HANDGUN_gad_448.wav,/workspaces/danger-classifier-model/dataset/GUNSHOT_HANDGUN_gad_448.wav,4,GUNSHOT_HANDGUN,Gunshot audio dataset,448
GUNSHOT_HANDGUN_gad_449.wav,/workspaces/danger-classifier-model/dataset/GUNSHOT_HANDGUN_gad_449.wav,4,GUNSHOT_HANDGUN,Gunshot audio dataset,449
GUNSHOT_HANDGUN_gad_450.wav,/workspaces/danger-classifier-model/dataset/GUNSHOT_HANDGUN_gad_450.wav,4,GUNSHOT_HANDGUN,Gunshot audio dataset,450
GUNSHOT_HANDGUN_gad_451.wav,/workspaces/danger-classifier-model/dataset/GUNSHOT_HANDGUN_gad_451.wav,4,GUNSHOT_HANDGUN,Gunshot audio dataset,451
GUNSHOT_HANDGUN_gad_452.wav,/workspaces/danger-classifier-model/dataset/GUNSHOT_HANDGUN_gad_452.wav,4,GUNSHOT_HANDGUN,Gunshot audio dataset,452
GUNSHOT_HANDGUN_gad_453.wav,/workspaces/danger-classifier-model/dataset/GUNSHOT_HANDGUN_gad_453.wav,4,GUNSHOT_HANDGUN,Gunshot audio dataset,453
GUNSHOT_HANDGUN_gad_454.wav,/workspaces/danger-classifier-model/dataset/GUNSHOT_HANDGUN_gad_454.wav,4,GUNSHOT_HANDGUN,Gunshot audio dataset,454
GUNSHOT_HANDGUN_gad_455.wav,/workspaces/danger-classifier-model/dataset/GUNSHOT_HANDGUN_gad_455.wav,4,GUNSHOT_HANDGUN,Gunshot audio dataset,455
GUNSHOT_HANDGUN_gad_456.wav,/workspaces/danger-classifier-model/dataset/GUNSHOT_HANDGUN_gad_456.wav,4,GUNSHOT_HANDGUN,Gunshot audio dataset,456
GUNSHOT_HANDGUN_gad_457.wav,/workspaces/danger-classifier-model/dataset/GUNSHOT_HANDGUN_gad_457.wav,4,GUNSHOT_HANDGUN,Gunshot audio dataset,457
GUNSHOT_HANDGUN_gad_458.wav,/workspaces/danger-classifier-model/dataset/GUNSHOT_HANDGUN_gad_458.wav,4,GUNSHOT_HANDGUN,Gunshot audio dataset,458
GUNSHOT_HANDGUN_gad_459.wav,/workspaces/danger-classifier-model/dataset/GUNSHOT_HANDGUN_gad_459.wav,4,GUNSHOT_HANDGUN,Gunshot audio dataset,459
GUNSHOT_HANDGUN_gad_460.wav,/workspaces/danger-classifier-model/dataset/GUNSHOT_HANDGUN_gad_460.wav,4,GUNSHOT_HANDGUN,Gunshot audio dataset,460
GUNSHOT_HANDGUN_gad_461.wav,/workspaces/danger-classifier-model/dataset/GUNSHOT_HANDGUN_gad_461.wav,4,GUNSHOT_HANDGUN,Gunshot audio dataset,461
GUNSHOT_HANDGUN_gad_462.wav,/workspaces/danger-classifier-model/dataset/GUNSHOT_HANDGUN_gad_462.wav,4,GUNSHOT_HANDGUN,Gunshot audio dataset,462
GUNSHOT_HANDGUN_gad_463.wav,/workspaces/danger-classifier-model/dataset/GUNSHOT_HANDGUN_gad_463.wav,4,GUNSHOT_HANDGUN,Gunshot audio dataset,463
GUNSHOT_HANDGUN_gad_464.wav,/workspaces/danger-classifier-model/dataset/GUNSHOT_HANDGUN_gad_464.wav,4,GUNSHOT_HANDGUN,Gunshot audio dataset,464
GUNSHOT_HANDGUN_gad_465.wav,/workspaces/danger-classifier-model/dataset/GUNSHOT_HANDGUN_gad_465.wav,4,GUNSHOT_HANDGUN,Gunshot audio dataset,465
GUNSHOT_HANDGUN_gad_466.wav,/workspaces/danger-classifier-model/dataset/GUNSHOT_HANDGUN_gad_466.wav,4,GUNSHOT_HANDGUN,Gunshot audio dataset,466
GUNSHOT_HANDGUN_gad_467.wav,/workspaces/danger-classifier-model/dataset/GUNSHOT_HANDGUN_gad_467.wav,4,GUNSHOT_HANDGUN,Gunshot audio dataset,467
GUNSHOT_HANDGUN_gad_468.wav,/workspaces/danger-classifier-model/dataset/GUNSHOT_HANDGUN_gad_468.wav,4,GUNSHOT_HANDGUN,Gunshot audio dataset,468
GUNSHOT_HANDGUN_gad_469.wav,/workspaces/danger-classifier-model/dataset/GUNSHOT_HANDGUN_gad_469.wav,4,GUNSHOT_HANDGUN,Gunshot audio dataset,469
GUNSHOT_HANDGUN_gad_470.wav,/workspaces/danger-classifier-model/dataset/GUNSHOT_HANDGUN_gad_470.wav,4,GUNSHOT_HANDGUN,Gunshot audio dataset,470
GUNSHOT_HANDGUN_gad_471.wav,/workspaces/danger-classifier-model/dataset/GUNSHOT_HANDGUN_gad_471.wav,4,GUNSHOT_HANDGUN,Gunshot audio dataset,471
GUNSHOT_HANDGUN_gad_472.wav,/workspaces/danger-classifier-model/dataset/GUNSHOT_HANDGUN_gad_472.wav,4,GUNSHOT_HANDGUN,Gunshot audio dataset,472
GUNSHOT_HANDGUN_gad_473.wav,/workspaces/danger-classifier-model/dataset/GUNSHOT_HANDGUN_gad_473.wav,4,GUNSHOT_HANDGUN,Gunshot audio dataset,473
GUNSHOT_HANDGUN_gad_474.wav,/workspaces/danger-classifier-model/dataset/GUNSHOT_HANDGUN_gad_474.wav,4,GUNSHOT_HANDGUN,Gunshot audio dataset,474
GUNSHOT_HANDGUN_gad_475.wav,/workspaces/danger-classifier-model/dataset/GUNSHOT_HANDGUN_gad_475.wav,4,GUNSHOT_HANDGUN,Gunshot audio dataset,475
GUNSHOT_HANDGUN_gad_476.wav,/workspaces/danger-classifier-model/dataset/GUNSHOT_HANDGUN_gad_476.wav,4,GUNSHOT_HANDGUN,Gunshot audio dataset,476
GUNSHOT_HANDGUN_gad_477.wav,/workspaces/danger-classifier-model/dataset/GUNSHOT_HANDGUN_gad_477.wav,4,GUNSHOT_HANDGUN,Gunshot audio dataset,477
GUNSHOT_HANDGUN_gad_478.wav,/workspaces/danger-classifier-model/dataset/GUNSHOT_HANDGUN_gad_478.wav,4,GUNSHOT_HANDGUN,Gunshot audio dataset,478
GUNSHOT_HANDGUN_gad_479.wav,/workspaces/danger-classifier-model/dataset/GUNSHOT_HANDGUN_gad_479.wav,4,GUNSHOT_HANDGUN,Gunshot audio dataset,479
GUNSHOT_HANDGUN_gad_480.wav,/workspaces/danger-classifier-model/dataset/GUNSHOT_HANDGUN_gad_480.wav,4,GUNSHOT_HANDGUN,Gunshot audio dataset,480
GUNSHOT_RIFLE_gad_481.wav,/workspaces/danger-classifier-model/dataset/GUNSHOT_RIFLE_gad_481.wav,5,GUNSHOT_RIFLE,Gunshot audio dataset,481
GUNSHOT_RIFLE_gad_482.wav,/workspaces/danger-classifier-model/dataset/GUNSHOT_RIFLE_gad_482.wav,5,GUNSHOT_RIFLE,Gunshot audio dataset,482
GUNSHOT_RIFLE_gad_483.wav,/workspaces/danger-classifier-model/dataset/GUNSHOT_RIFLE_gad_483.wav,5,GUNSHOT_RIFLE,Gunshot audio dataset,483
GUNSHOT_RIFLE_gad_484.wav,/workspaces/danger-classifier-model/dataset/GUNSHOT_RIFLE_gad_484.wav,5,GUNSHOT_RIFLE,Gunshot audio dataset,484
GUNSHOT_RIFLE_gad_485.wav,/workspaces/danger-classifier-model/dataset/GUNSHOT_RIFLE_gad_485.wav,5,GUNSHOT_RIFLE,Gunshot audio dataset,485
GUNSHOT_RIFLE_gad_486.wav,/workspaces/danger-classifier-model/dataset/GUNSHOT_RIFLE_gad_486.wav,5,GUNSHOT_RIFLE,Gunshot audio dataset,486
GUNSHOT_RIFLE_gad_487.wav,/workspaces/danger-classifier-model/dataset/GUNSHOT_RIFLE_gad_487.wav,5,GUNSHOT_RIFLE,Gunshot audio dataset,487
GUNSHOT_RIFLE_gad_488.wav,/workspaces/danger-classifier-model/dataset/GUNSHOT_RIFLE_gad_488.wav,5,GUNSHOT_RIFLE,Gunshot audio dataset,488
GUNSHOT_RIFLE_gad_489.wav,/workspaces/danger-classifier-model/dataset/GUNSHOT_RIFLE_gad_489.wav,5,GUNSHOT_RIFLE,Gunshot audio dataset,489
GUNSHOT_RIFLE_gad_490.wav,/workspaces/danger-classifier-model/dataset/GUNSHOT_RIFLE_gad_490.wav,5,GUNSHOT_RIFLE,Gunshot audio dataset,490
GUNSHOT_RIFLE_gad_491.wav,/workspaces/danger-classifier-model/dataset/GUNSHOT_RIFLE_gad_491.wav,5,GUNSHOT_RIFLE,Gunshot audio dataset,491
GUNSHOT_RIFLE_gad_492.wav,/workspaces/danger-classifier-model/dataset/GUNSHOT_RIFLE_gad_492.wav,5,GUNSHOT_RIFLE,Gunshot audio dataset,492
GUNSHOT_RIFLE_gad_493.wav,/workspaces/danger-classifier-model/dataset/GUNSHOT_RIFLE_gad_493.wav,5,GUNSHOT_RIFLE,Gunshot audio dataset,493
GUNSHOT_RIFLE_gad_494.wav,/workspaces/danger-classifier-model/dataset/GUNSHOT_RIFLE_gad_494.wav,5,GUNSHOT_RIFLE,Gunshot audio dataset,494
GUNSHOT_RIFLE_gad_495.wav,/workspaces/danger-classifier-model/dataset/GUNSHOT_RIFLE_gad_495.wav,5,GUNSHOT_RIFLE,Gunshot audio dataset,495
GUNSHOT_RIFLE_gad_496.wav,/workspaces/danger-classifier-model/dataset/GUNSHOT_RIFLE_gad_496.wav,5,GUNSHOT_RIFLE,Gunshot audio dataset,496
GUNSHOT_RIFLE_gad_497.wav,/workspaces/danger-classifier-model/dataset/GUNSHOT_RIFLE_gad_497.wav,5,GUNSHOT_RIFLE,Gunshot audio dataset,497
GUNSHOT_RIFLE_gad_498.wav,/workspaces/danger-classifier-model/dataset/GUNSHOT_RIFLE_gad_498.wav,5,GUNSHOT_RIFLE,Gunshot audio dataset,498
GUNSHOT_RIFLE_gad_499.wav,/workspaces/danger-classifier-model/dataset/GUNSHOT_RIFLE_gad_499.wav,5,GUNSHOT_RIFLE,Gunshot audio dataset,499
GUNSHOT_RIFLE_gad_500.wav,/workspaces/danger-classifier-model/dataset/GUNSHOT_RIFLE_gad_500.wav,5,GUNSHOT_RIFLE,Gunshot audio dataset,500
GUNSHOT_RIFLE_gad_501.wav,/workspaces/danger-classifier-model/dataset/GUNSHOT_RIFLE_gad_501.wav,5,GUNSHOT_RIFLE,Gunshot audio dataset,501
GUNSHOT_RIFLE_gad_502.wav,/workspaces/danger-classifier-model/dataset/GUNSHOT_RIFLE_gad_502.wav,5,GUNSHOT_RIFLE,Gunshot audio dataset,502
GUNSHOT_RIFLE_gad_503.wav,/workspaces/danger-classifier-model/dataset/GUNSHOT_RIFLE_gad_503.wav,5,GUNSHOT_RIFLE,Gunshot audio dataset,503
GUNSHOT_RIFLE_gad_504.wav,/workspaces/danger-classifier-model/dataset/GUNSHOT_RIFLE_gad_504.wav,5,GUNSHOT_RIFLE,Gunshot audio dataset,504
GUNSHOT_RIFLE_gad_505.wav,/workspaces/danger-classifier-model/dataset/GUNSHOT_RIFLE_gad_505.wav,5,GUNSHOT_RIFLE,Gunshot audio dataset,505
GUNSHOT_RIFLE_gad_506.wav,/workspaces/danger-classifier-model/dataset/GUNSHOT_RIFLE_gad_506.wav,5,GUNSHOT_RIFLE,Gunshot audio dataset,506
GUNSHOT_RIFLE_gad_507.wav,/workspaces/danger-classifier-model/dataset/GUNSHOT_RIFLE_gad_507.wav,5,GUNSHOT_RIFLE,Gunshot audio dataset,507
GUNSHOT_RIFLE_gad_508.wav,/workspaces/danger-classifier-model/dataset/GUNSHOT_RIFLE_gad_508.wav,5,GUNSHOT_RIFLE,Gunshot audio dataset,508
GUNSHOT_RIFLE_gad_509.wav,/workspaces/danger-classifier-model/dataset/GUNSHOT_RIFLE_gad_509.wav,5,GUNSHOT_RIFLE,Gunshot audio dataset,509
GUNSHOT_RIFLE_gad_510.wav,/workspaces/danger-classifier-model/dataset/GUNSHOT_RIFLE_gad_510.wav,5,GUNSHOT_RIFLE,Gunshot audio dataset,510
GUNSHOT_RIFLE_gad_511.wav,/workspaces/danger-classifier-model/dataset/GUNSHOT_RIFLE_gad_511.wav,5,GUNSHOT_RIFLE,Gunshot audio dataset,511
GUNSHOT_RIFLE_gad_512.wav,/workspaces/danger-classifier-model/dataset/GUNSHOT_RIFLE_gad_512.wav,5,GUNSHOT_RIFLE,Gunshot audio dataset,512
GUNSHOT_RIFLE_gad_513.wav,/workspaces/danger-classifier-model/dataset/GUNSHOT_RIFLE_gad_513.wav,5,GUNSHOT_RIFLE,Gunshot audio dataset,513
GUNSHOT_RIFLE_gad_514.wav,/workspaces/danger-classifier-model/dataset/GUNSHOT_RIFLE_gad_514.wav,5,GUNSHOT_RIFLE,Gunshot audio dataset,514
GUNSHOT_RIFLE_gad_515.wav,/workspaces/danger-classifier-model/dataset/GUNSHOT_RIFLE_gad_515.wav,5,GUNSHOT_RIFLE,Gunshot audio dataset,515
GUNSHOT_RIFLE_gad_516.wav,/workspaces/danger-classifier-model/dataset/GUNSHOT_RIFLE_gad_516.wav,5,GUNSHOT_RIFLE,Gunshot audio dataset,516
GUNSHOT_RIFLE_gad_517.wav,/workspaces/danger-classifier-model/dataset/GUNSHOT_RIFLE_gad_517.wav,5,GUNSHOT_RIFLE,Gunshot audio dataset,517
GUNSHOT_RIFLE_gad_518.wav,/workspaces/danger-classifier-model/dataset/GUNSHOT_RIFLE_gad_518.wav,5,GUNSHOT_RIFLE,Gunshot audio dataset,518
GUNSHOT_RIFLE_gad_519.wav,/workspaces/danger-classifier-model/dataset/GUNSHOT_RIFLE_gad_519.wav,5,GUNSHOT_RIFLE,Gunshot audio dataset,519
GUNSHOT_RIFLE_gad_520.wav,/workspaces/danger-classifier-model/dataset/GUNSHOT_RIFLE_gad_520.wav,5,GUNSHOT_RIFLE,Gunshot audio dataset,520
GUNSHOT_RIFLE_gad_521.wav,/workspaces/danger-classifier-model/dataset/GUNSHOT_RIFLE_gad_521.wav,5,GUNSHOT_RIFLE,Gunshot audio dataset,521
GUNSHOT_RIFLE_gad_522.wav,/workspaces/danger-classifier-model/dataset/GUNSHOT_RIFLE_gad_522.wav,5,GUNSHOT_RIFLE,Gunshot audio dataset,522
GUNSHOT_RIFLE_gad_523.wav,/workspaces/danger-classifier-model/dataset/GUNSHOT_RIFLE_gad_523.wav,5,GUNSHOT_RIFLE,Gunshot audio dataset,523
GUNSHOT_RIFLE_gad_524.wav,/workspaces/danger-classifier-model/dataset/GUNSHOT_RIFLE_gad_524.wav,5,GUNSHOT_RIFLE,Gunshot audio dataset,524
GUNSHOT_RIFLE_gad_525.wav,/workspaces/danger-classifier-model/dataset/GUNSHOT_RIFLE_gad_525.wav,5,GUNSHOT_RIFLE,Gunshot audio dataset,525
GUNSHOT_RIFLE_gad_526.wav,/workspaces/danger-classifier-model/dataset/GUNSHOT_RIFLE_gad_526.wav,5,GUNSHOT_RIFLE,Gunshot audio dataset,526
GUNSHOT_RIFLE_gad_527.wav,/workspaces/danger-classifier-model/dataset/GUNSHOT_RIFLE_gad_527.wav,5,GUNSHOT_RIFLE,Gunshot audio dataset,527
GUNSHOT_RIFLE_gad_528.wav,/workspaces/danger-classifier-model/dataset/GUNSHOT_RIFLE_gad_528.wav,5,GUNSHOT_RIFLE,Gunshot audio dataset,528
GUNSHOT_RIFLE_gad_529.wav,/workspaces/danger-classifier-model/dataset/GUNSHOT_RIFLE_gad_529.wav,5,GUNSHOT_RIFLE,Gunshot audio dataset,529
GUNSHOT_RIFLE_gad_530.wav,/workspaces/danger-classifier-model/dataset/GUNSHOT_RIFLE_gad_530.wav,5,GUNSHOT_RIFLE,Gunshot audio dataset,530
GUNSHOT_RIFLE_gad_531.wav,/workspaces/danger-classifier-model/dataset/GUNSHOT_RIFLE_gad_531.wav,5,GUNSHOT_RIFLE,Gunshot audio dataset,531
GUNSHOT_RIFLE_gad_532.wav,/workspaces/danger-classifier-model/dataset/GUNSHOT_RIFLE_gad_532.wav,5,GUNSHOT_RIFLE,Gunshot audio dataset,532
GUNSHOT_RIFLE_gad_533.wav,/workspaces/danger-classifier-model/dataset/GUNSHOT_RIFLE_gad_533.wav,5,GUNSHOT_RIFLE,Gunshot audio dataset,533
GUNSHOT_RIFLE_gad_534.wav,/workspaces/danger-classifier-model/dataset/GUNSHOT_RIFLE_gad_534.wav,5,GUNSHOT_RIFLE,Gunshot audio dataset,534
GUNSHOT_RIFLE_gad_535.wav,/workspaces/danger-classifier-model/dataset/GUNSHOT_RIFLE_gad_535.wav,5,GUNSHOT_RIFLE,Gunshot audio dataset,535
GUNSHOT_RIFLE_gad_536.wav,/workspaces/danger-classifier-model/dataset/GUNSHOT_RIFLE_gad_536.wav,5,GUNSHOT_RIFLE,Gunshot audio dataset,536
GUNSHOT_RIFLE_gad_537.wav,/workspaces/danger-classifier-model/dataset/GUNSHOT_RIFLE_gad_537.wav,5,GUNSHOT_RIFLE,Gunshot audio dataset,537
GUNSHOT_RIFLE_gad_538.wav,/workspaces/danger-classifier-model/dataset/GUNSHOT_RIFLE_gad_538.wav,5,GUNSHOT_RIFLE,Gunshot audio dataset,538
GUNSHOT_RIFLE_gad_539.wav,/workspaces/danger-classifier-model/dataset/GUNSHOT_RIFLE_gad_539.wav,5,GUNSHOT_RIFLE,Gunshot audio dataset,539
GUNSHOT_RIFLE_gad_540.wav,/workspaces/danger-classifier-model/dataset/GUNSHOT_RIFLE_gad_540.wav,5,GUNSHOT_RIFLE,Gunshot audio dataset,540
GUNSHOT_RIFLE_gad_541.wav,/workspaces/danger-classifier-model/dataset/GUNSHOT_RIFLE_gad_541.wav,5,GUNSHOT_RIFLE,Gunshot audio dataset,541
GUNSHOT_RIFLE_gad_542.wav,/workspaces/danger-classifier-model/dataset/GUNSHOT_RIFLE_gad_542.wav,5,GUNSHOT_RIFLE,Gunshot audio dataset,542
GUNSHOT_RIFLE_gad_543.wav,/workspaces/danger-classifier-model/dataset/GUNSHOT_RIFLE_gad_543.wav,5,GUNSHOT_RIFLE,Gunshot audio dataset,543
GUNSHOT_RIFLE_gad_544.wav,/workspaces/danger-classifier-model/dataset/GUNSHOT_RIFLE_gad_544.wav,5,GUNSHOT_RIFLE,Gunshot audio dataset,544
GUNSHOT_RIFLE_gad_545.wav,/workspaces/danger-classifier-model/dataset/GUNSHOT_RIFLE_gad_545.wav,5,GUNSHOT_RIFLE,Gunshot audio dataset,545
GUNSHOT_RIFLE_gad_546.wav,/workspaces/danger-classifier-model/dataset/GUNSHOT_RIFLE_gad_546.wav,5,GUNSHOT_RIFLE,Gunshot audio dataset,546
GUNSHOT_RIFLE_gad_547.wav,/workspaces/danger-classifier-model/dataset/GUNSHOT_RIFLE_gad_547.wav,5,GUNSHOT_RIFLE,Gunshot audio dataset,547
GUNSHOT_RIFLE_gad_548.wav,/workspaces/danger-classifier-model/dataset/GUNSHOT_RIFLE_gad_548.wav,5,GUNSHOT_RIFLE,Gunshot audio dataset,548
GUNSHOT_RIFLE_gad_549.wav,/workspaces/danger-classifier-model/dataset/GUNSHOT_RIFLE_gad_549.wav,5,GUNSHOT_RIFLE,Gunshot audio dataset,549
GUNSHOT_RIFLE_gad_550.wav,/workspaces/danger-classifier-model/dataset/GUNSHOT_RIFLE_gad_550.wav,5,GUNSHOT_RIFLE,Gunshot audio dataset,550
GUNSHOT_RIFLE_gad_551.wav,/workspaces/danger-classifier-model/dataset/GUNSHOT_RIFLE_gad_551.wav,5,GUNSHOT_RIFLE,Gunshot audio dataset,551
GUNSHOT_RIFLE_gad_552.wav,/workspaces/danger-classifier-model/dataset/GUNSHOT_RIFLE_gad_552.wav,5,GUNSHOT_RIFLE,Gunshot audio dataset,552
GUNSHOT_MACHINE_GUN_gad_553.wav,/workspaces/danger-classifier-model/dataset/GUNSHOT_MACHINE_GUN_gad_553.wav,6,GUNSHOT_MACHINE_GUN,Gunshot audio dataset,553
GUNSHOT_MACHINE_GUN_gad_554.wav,/workspaces/danger-classifier-model/dataset/GUNSHOT_MACHINE_GUN_gad_554.wav,6,GUNSHOT_MACHINE_GUN,Gunshot audio dataset,554
GUNSHOT_MACHINE_GUN_gad_555.wav,/workspaces/danger-classifier-model/dataset/GUNSHOT_MACHINE_GUN_gad_555.wav,6,GUNSHOT_MACHINE_GUN,Gunshot audio dataset,555
GUNSHOT_MACHINE_GUN_gad_556.wav,/workspaces/danger-classifier-model/dataset/GUNSHOT_MACHINE_GUN_gad_556.wav,6,GUNSHOT_MACHINE_GUN,Gunshot audio dataset,556
GUNSHOT_MACHINE_GUN_gad_557.wav,/workspaces/danger-classifier-model/dataset/GUNSHOT_MACHINE_GUN_gad_557.wav,6,GUNSHOT_MACHINE_GUN,Gunshot audio dataset,557
GUNSHOT_MACHINE_GUN_gad_558.wav,/workspaces/danger-classifier-model/dataset/GUNSHOT_MACHINE_GUN_gad_558.wav,6,GUNSHOT_MACHINE_GUN,Gunshot audio dataset,558
GUNSHOT_MACHINE_GUN_gad_559.wav,/workspaces/danger-classifier-model/dataset/GUNSHOT_MACHINE_GUN_gad_559.wav,6,GUNSHOT_MACHINE_GUN,Gunshot audio dataset,559
GUNSHOT_MACHINE_GUN_gad_560.wav,/workspaces/danger-classifier-model/dataset/GUNSHOT_MACHINE_GUN_gad_560.wav,6,GUNSHOT_MACHINE_GUN,Gunshot audio dataset,560
GUNSHOT_MACHINE_GUN_gad_561.wav,/workspaces/danger-classifier-model/dataset/GUNSHOT_MACHINE_GUN_gad_561.wav,6,GUNSHOT_MACHINE_GUN,Gunshot audio dataset,561
GUNSHOT_MACHINE_GUN_gad_562.wav,/workspaces/danger-classifier-model/dataset/GUNSHOT_MACHINE_GUN_gad_562.wav,6,GUNSHOT_MACHINE_GUN,Gunshot audio dataset,562
GUNSHOT_MACHINE_GUN_gad_563.wav,/workspaces/danger-classifier-model/dataset/GUNSHOT_MACHINE_GUN_gad_563.wav,6,GUNSHOT_MACHINE_GUN,Gunshot audio dataset,563
GUNSHOT_MACHINE_GUN_gad_564.wav,/workspaces/danger-classifier-model/dataset/GUNSHOT_MACHINE_GUN_gad_564.wav,6,GUNSHOT_MACHINE_GUN,Gunshot audio dataset,564
GUNSHOT_MACHINE_GUN_gad_565.wav,/workspaces/danger-classifier-model/dataset/GUNSHOT_MACHINE_GUN_gad_565.wav,6,GUNSHOT_MACHINE_GUN,Gunshot audio dataset,565
GUNSHOT_MACHINE_GUN_gad_566.wav,/workspaces/danger-classifier-model/dataset/GUNSHOT_MACHINE_GUN_gad_566.wav,6,GUNSHOT_MACHINE_GUN,Gunshot audio dataset,566
GUNSHOT_MACHINE_GUN_gad_567.wav,/workspaces/danger-classifier-model/dataset/GUNSHOT_MACHINE_GUN_gad_567.wav,6,GUNSHOT_MACHINE_GUN,Gunshot audio dataset,567
GUNSHOT_MACHINE_GUN_gad_568.wav,/workspaces/danger-classifier-model/dataset/GUNSHOT_MACHINE_GUN_gad_568.wav,6,GUNSHOT_MACHINE_GUN,Gunshot audio dataset,568
GUNSHOT_MACHINE_GUN_gad_569.wav,/workspaces/danger-classifier-model/dataset/GUNSHOT_MACHINE_GUN_gad_569.wav,6,GUNSHOT_MACHINE_GUN,Gunshot audio dataset,569
GUNSHOT_MACHINE_GUN_gad_570.wav,/workspaces/danger-classifier-model/dataset/GUNSHOT_MACHINE_GUN_gad_570.wav,6,GUNSHOT_MACHINE_GUN,Gunshot audio dataset,570
GUNSHOT_MACHINE_GUN_gad_571.wav,/workspaces/danger-classifier-model/dataset/GUNSHOT_MACHINE_GUN_gad_571.wav,6,GUNSHOT_MACHINE_GUN,Gunshot audio dataset,571
GUNSHOT_MACHINE_GUN_gad_572.wav,/workspaces/danger-classifier-model/dataset/GUNSHOT_MACHINE_GUN_gad_572.wav,6,GUNSHOT_MACHINE_GUN,Gunshot audio dataset,572
GUNSHOT_MACHINE_GUN_gad_573.wav,/workspaces/danger-classifier-model/dataset/GUNSHOT_MACHINE_GUN_gad_573.wav,6,GUNSHOT_MACHINE_GUN,Gunshot audio dataset,573
GUNSHOT_MACHINE_GUN_gad_574.wav,/workspaces/danger-classifier-model/dataset/GUNSHOT_MACHINE_GUN_gad_574.wav,6,GUNSHOT_MACHINE_GUN,Gunshot audio dataset,574
GUNSHOT_MACHINE_GUN_gad_575.wav,/workspaces/danger-classifier-model/dataset/GUNSHOT_MACHINE_GUN_gad_575.wav,6,GUNSHOT_MACHINE_GUN,Gunshot audio dataset,575
GUNSHOT_MACHINE_GUN_gad_576.wav,/workspaces/danger-classifier-model/dataset/GUNSHOT_MACHINE_GUN_gad_576.wav,6,GUNSHOT_MACHINE_GUN,Gunshot audio dataset,576
GUNSHOT_MACHINE_GUN_gad_577.wav,/workspaces/danger-classifier-model/dataset/GUNSHOT_MACHINE_GUN_gad_577.wav,6,GUNSHOT_MACHINE_GUN,Gunshot audio dataset,577
GUNSHOT_MACHINE_GUN_gad_578.wav,/workspaces/danger-classifier-model/dataset/GUNSHOT_MACHINE_GUN_gad_578.wav,6,GUNSHOT_MACHINE_GUN,Gunshot audio dataset,578
GUNSHOT_MACHINE_GUN_gad_579.wav,/workspaces/danger-classifier-model/dataset/GUNSHOT_MACHINE_GUN_gad_579.wav,6,GUNSHOT_MACHINE_GUN,Gunshot audio dataset,579
GUNSHOT_MACHINE_GUN_gad_580.wav,/workspaces/danger-classifier-model/dataset/GUNSHOT_MACHINE_GUN_gad_580.wav,6,GUNSHOT_MACHINE_GUN,Gunshot audio dataset,580
GUNSHOT_MACHINE_GUN_gad_581.wav,/workspaces/danger-classifier-model/dataset/GUNSHOT_MACHINE_GUN_gad_581.wav,6,GUNSHOT_MACHINE_GUN,Gunshot audio dataset,581
GUNSHOT_MACHINE_GUN_gad_582.wav,/workspaces/danger-classifier-model/dataset/GUNSHOT_MACHINE_GUN_gad_582.wav,6,GUNSHOT_MACHINE_GUN,Gunshot audio dataset,582
GUNSHOT_MACHINE_GUN_gad_583.wav,/workspaces/danger-classifier-model/dataset/GUNSHOT_MACHINE_GUN_gad_583.wav,6,GUNSHOT_MACHINE_GUN,Gunshot audio dataset,583
GUNSHOT_MACHINE_GUN_gad_584.wav,/workspaces/danger-classifier-model/dataset/GUNSHOT_MACHINE_GUN_gad_584.wav,6,GUNSHOT_MACHINE_GUN,Gunshot audio dataset,584
GUNSHOT_MACHINE_GUN_gad_585.wav,/workspaces/danger-classifier-model/dataset/GUNSHOT_MACHINE_GUN_gad_585.wav,6,GUNSHOT_MACHINE_GUN,Gunshot audio dataset,585
GUNSHOT_MACHINE_GUN_gad_586.wav,/workspaces/danger-classifier-model/dataset/GUNSHOT_MACHINE_GUN_gad_586.wav,6,GUNSHOT_MACHINE_GUN,Gunshot audio dataset,586
GUNSHOT_MACHINE_GUN_gad_587.wav,/workspaces/danger-classifier-model/dataset/GUNSHOT_MACHINE_GUN_gad_587.wav,6,GUNSHOT_MACHINE_GUN,Gunshot audio dataset,587
GUNSHOT_MACHINE_GUN_gad_588.wav,/workspaces/danger-classifier-model/dataset/GUNSHOT_MACHINE_GUN_gad_588.wav,6,GUNSHOT_MACHINE_GUN,Gunshot audio dataset,588
GUNSHOT_MACHINE_GUN_gad_589.wav,/workspaces/danger-classifier-model/dataset/GUNSHOT_MACHINE_GUN_gad_589.wav,6,GUNSHOT_MACHINE_GUN,Gunshot audio dataset,589
GUNSHOT_MACHINE_GUN_gad_590.wav,/workspaces/danger-classifier-model/dataset/GUNSHOT_MACHINE_GUN_gad_590.wav,6,GUNSHOT_MACHINE_GUN,Gunshot audio dataset,590
GUNSHOT_MACHINE_GUN_gad_591.wav,/workspaces/danger-classifier-model/dataset/GUNSHOT_MACHINE_GUN_gad_591.wav,6,GUNSHOT_MACHINE_GUN,Gunshot audio dataset,591
GUNSHOT_MACHINE_GUN_gad_592.wav,/workspaces/danger-classifier-model/dataset/GUNSHOT_MACHINE_GUN_gad_592.wav,6,GUNSHOT_MACHINE_GUN,Gunshot audio dataset,592
GUNSHOT_MACHINE_GUN_gad_593.wav,/workspaces/danger-classifier-model/dataset/GUNSHOT_MACHINE_GUN_gad_593.wav,6,GUNSHOT_MACHINE_GUN,Gunshot audio dataset,593
GUNSHOT_MACHINE_GUN_gad_594.wav,/workspaces/danger-classifier-model/dataset/GUNSHOT_MACHINE_GUN_gad_594.wav,6,GUNSHOT_MACHINE_GUN,Gunshot audio dataset,594
GUNSHOT_MACHINE_GUN_gad_595.wav,/workspaces/danger-classifier-model/dataset/GUNSHOT_MACHINE_GUN_gad_595.wav,6,GUNSHOT_MACHINE_GUN,Gunshot audio dataset,595
GUNSHOT_MACHINE_GUN_gad_596.wav,/workspaces/danger-classifier-model/dataset/GUNSHOT_MACHINE_GUN_gad_596.wav,6,GUNSHOT_MACHINE_GUN,Gunshot audio dataset,596
GUNSHOT_MACHINE_GUN_gad_597.wav,/workspaces/danger-classifier-model/dataset/GUNSHOT_MACHINE_GUN_gad_597.wav,6,GUNSHOT_MACHINE_GUN,Gunshot audio dataset,597
GUNSHOT_MACHINE_GUN_gad_598.wav,/workspaces/danger-classifier-model/dataset/GUNSHOT_MACHINE_GUN_gad_598.wav,6,GUNSHOT_MACHINE_GUN,Gunshot audio dataset,598
GUNSHOT_MACHINE_GUN_gad_599.wav,/workspaces/danger-classifier-model/dataset/GUNSHOT_MACHINE_GUN_gad_599.wav,6,GUNSHOT_MACHINE_GUN,Gunshot audio dataset,599
GUNSHOT_MACHINE_GUN_gad_600.wav,/workspaces/danger-classifier-model/dataset/GUNSHOT_MACHINE_GUN_gad_600.wav,6,GUNSHOT_MACHINE_GUN,Gunshot audio dataset,600
GUNSHOT_MACHINE_GUN_gad_601.wav,/workspaces/danger-classifier-model/dataset/GUNSHOT_MACHINE_GUN_gad_601.wav,6,GUNSHOT_MACHINE_GUN,Gunshot audio dataset,601
GUNSHOT_MACHINE_GUN_gad_602.wav,/workspaces/danger-classifier-model/dataset/GUNSHOT_MACHINE_GUN_gad_602.wav,6,GUNSHOT_MACHINE_GUN,Gunshot audio dataset,602
GUNSHOT_MACHINE_GUN_gad_603.wav,/workspaces/danger-classifier-model/dataset/GUNSHOT_MACHINE_GUN_gad_603.wav,6,GUNSHOT_MACHINE_GUN,Gunshot audio dataset,603
GUNSHOT_MACHINE_GUN_gad_604.wav,/workspaces/danger-classifier-model/dataset/GUNSHOT_MACHINE_GUN_gad_604.wav,6,GUNSHOT_MACHINE_GUN,Gunshot audio dataset,604
GUNSHOT_MACHINE_GUN_gad_605.wav,/workspaces/danger-classifier-model/dataset/GUNSHOT_MACHINE_GUN_gad_605.wav,6,GUNSHOT_MACHINE_GUN,Gunshot audio dataset,605
GUNSHOT_MACHINE_GUN_gad_606.wav,/workspaces/danger-classifier-model/dataset/GUNSHOT_MACHINE_GUN_gad_606.wav,6,GUNSHOT_MACHINE_GUN,Gunshot audio dataset,606
GUNSHOT_MACHINE_GUN_gad_607.wav,/workspaces/danger-classifier-model/dataset/GUNSHOT_MACHINE_GUN_gad_607.wav,6,GUNSHOT_MACHINE_GUN,Gunshot audio dataset,607
GUNSHOT_MACHINE_GUN_gad_608.wav,/workspaces/danger-classifier-model/dataset/GUNSHOT_MACHINE_GUN_gad_608.wav,6,GUNSHOT_MACHINE_GUN,Gunshot audio dataset,608
GUNSHOT_MACHINE_GUN_gad_609.wav,/workspaces/danger-classifier-model/dataset/GUNSHOT_MACHINE_GUN_gad_609.wav,6,GUNSHOT_MACHINE_GUN,Gunshot audio dataset,609
GUNSHOT_MACHINE_GUN_gad_610.wav,/workspaces/danger-classifier-model/dataset/GUNSHOT_MACHINE_GUN_gad_610.wav,6,GUNSHOT_MACHINE_GUN,Gunshot audio dataset,610
GUNSHOT_MACHINE_GUN_gad_611.wav,/workspaces/danger-classifier-model/dataset/GUNSHOT_MACHINE_GUN_gad_611.wav,6,GUNSHOT_MACHINE_GUN,Gunshot audio dataset,611
GUNSHOT_MACHINE_GUN_gad_612.wav,/workspaces/danger-classifier-model/dataset/GUNSHOT_MACHINE_GUN_gad_612.wav,6,GUNSHOT_MACHINE_GUN,Gunshot audio dataset,612
GUNSHOT_MACHINE_GUN_gad_613.wav,/workspaces/danger-classifier-model/dataset/GUNSHOT_MACHINE_GUN_gad_613.wav,6,GUNSHOT_MACHINE_GUN,Gunshot audio dataset,613
GUNSHOT_MACHINE_GUN_gad_614.wav,/workspaces/danger-classifier-model/dataset/GUNSHOT_MACHINE_GUN_gad_614.wav,6,GUNSHOT_MACHINE_GUN,Gunshot audio dataset,614
GUNSHOT_MACHINE_GUN_gad_615.wav,/workspaces/danger-classifier-model/dataset/GUNSHOT_MACHINE_GUN_gad_615.wav,6,GUNSHOT_MACHINE_GUN,Gunshot audio dataset,615
GUNSHOT_MACHINE_GUN_gad_616.wav,/workspaces/danger-classifier-model/dataset/GUNSHOT_MACHINE_GUN_gad_616.wav,6,GUNSHOT_MACHINE_GUN,Gunshot audio dataset,616
GUNSHOT_MACHINE_GUN_gad_617.wav,/workspaces/danger-classifier-model/dataset/GUNSHOT_MACHINE_GUN_gad_617.wav,6,GUNSHOT_MACHINE_GUN,Gunshot audio dataset,617
GUNSHOT_MACHINE_GUN_gad_618.wav,/workspaces/danger-classifier-model/dataset/GUNSHOT_MACHINE_GUN_gad_618.wav,6,GUNSHOT_MACHINE_GUN,Gunshot audio dataset,618
GUNSHOT_MACHINE_GUN_gad_619.wav,/workspaces/danger-classifier-model/dataset/GUNSHOT_MACHINE_GUN_gad_619.wav,6,GUNSHOT_MACHINE_GUN,Gunshot audio dataset,619
GUNSHOT_MACHINE_GUN_gad_620.wav,/workspaces/danger-classifier-model/dataset/GUNSHOT_MACHINE_GUN_gad_620.wav,6,GUNSHOT_MACHINE_GUN,Gunshot audio dataset,620
GUNSHOT_MACHINE_GUN_gad_621.wav,/workspaces/danger-classifier-model/dataset/GUNSHOT_MACHINE_GUN_gad_621.wav,6,GUNSHOT_MACHINE_GUN,Gunshot audio dataset,621
GUNSHOT_MACHINE_GUN_gad_622.wav,/workspaces/danger-classifier-model/dataset/GUNSHOT_MACHINE_GUN_gad_622.wav,6,GUNSHOT_MACHINE_GUN,Gunshot audio dataset,622
GUNSHOT_MACHINE_GUN_gad_623.wav,/workspaces/danger-classifier-model/dataset/GUNSHOT_MACHINE_GUN_gad_623.wav,6,GUNSHOT_MACHINE_GUN,Gunshot audio dataset,623
GUNSHOT_MACHINE_GUN_gad_624.wav,/workspaces/danger-classifier-model/dataset/GUNSHOT_MACHINE_GUN_gad_624.wav,6,GUNSHOT_MACHINE_GUN,Gunshot audio dataset,624
GUNSHOT_MACHINE_GUN_gad_625.wav,/workspaces/danger-classifier-model/dataset/GUNSHOT_MACHINE_GUN_gad_625.wav,6,GUNSHOT_MACHINE_GUN,Gunshot audio dataset,625
GUNSHOT_MACHINE_GUN_gad_626.wav,/workspaces/danger-classifier-model/dataset/GUNSHOT_MACHINE_GUN_gad_626.wav,6,GUNSHOT_MACHINE_GUN,Gunshot audio dataset,626
GUNSHOT_MACHINE_GUN_gad_627.wav,/workspaces/danger-classifier-model/dataset/GUNSHOT_MACHINE_GUN_gad_627.wav,6,GUNSHOT_MACHINE_GUN,Gunshot audio dataset,627
GUNSHOT_MACHINE_GUN_gad_628.wav,/workspaces/danger-classifier-model/dataset/GUNSHOT_MACHINE_GUN_gad_628.wav,6,GUNSHOT_MACHINE_GUN,Gunshot audio dataset,628
GUNSHOT_MACHINE_GUN_gad_629.wav,/workspaces/danger-classifier-model/dataset/GUNSHOT_MACHINE_GUN_gad_629.wav,6,GUNSHOT_MACHINE_GUN,Gunshot audio dataset,629
GUNSHOT_MACHINE_GUN_gad_630.wav,/workspaces/danger-classifier-model/dataset/GUNSHOT_MACHINE_GUN_gad_630.wav,6,GUNSHOT_MACHINE_GUN,Gunshot audio dataset,630
GUNSHOT_MACHINE_GUN_gad_631.wav,/workspaces/danger-classifier-model/dataset/GUNSHOT_MACHINE_GUN_gad_631.wav,6,GUNSHOT_MACHINE_GUN,Gunshot audio dataset,631
GUNSHOT_MACHINE_GUN_gad_632.wav,/workspaces/danger-classifier-model/dataset/GUNSHOT_MACHINE_GUN_gad_632.wav,6,GUNSHOT_MACHINE_GUN,Gunshot audio dataset,632
GUNSHOT_MACHINE_GUN_gad_633.wav,/workspaces/danger-classifier-model/dataset/GUNSHOT_MACHINE_GUN_gad_633.wav,6,GUNSHOT_MACHINE_GUN,Gunshot audio dataset,633
GUNSHOT_MACHINE_GUN_gad_634.wav,/workspaces/danger-classifier-model/dataset/GUNSHOT_MACHINE_GUN_gad_634.wav,6,GUNSHOT_MACHINE_GUN,Gunshot audio dataset,634
GUNSHOT_MACHINE_GUN_gad_635.wav,/workspaces/danger-classifier-model/dataset/GUNSHOT_MACHINE_GUN_gad_635.wav,6,GUNSHOT_MACHINE_GUN,Gunshot audio dataset,635
GUNSHOT_MACHINE_GUN_gad_636.wav,/workspaces/danger-classifier-model/dataset/GUNSHOT_MACHINE_GUN_gad_636.wav,6,GUNSHOT_MACHINE_GUN,Gunshot audio dataset,636
GUNSHOT_MACHINE_GUN_gad_637.wav,/workspaces/danger-classifier-model/dataset/GUNSHOT_MACHINE_GUN_gad_637.wav,6,GUNSHOT_MACHINE_GUN,Gunshot audio dataset,637
GUNSHOT_MACHINE_GUN_gad_638.wav,/workspaces/danger-classifier-model/dataset/GUNSHOT_MACHINE_GUN_gad_638.wav,6,GUNSHOT_MACHINE_GUN,Gunshot audio dataset,638
GUNSHOT_MACHINE_GUN_gad_639.wav,/workspaces/danger-classifier-model/dataset/GUNSHOT_MACHINE_GUN_gad_639.wav,6,GUNSHOT_MACHINE_GUN,Gunshot audio dataset,639
GUNSHOT_MACHINE_GUN_gad_640.wav,/workspaces/danger-classifier-model/dataset/GUNSHOT_MACHINE_GUN_gad_640.wav,6,GUNSHOT_MACHINE_GUN,Gunshot audio dataset,640
GUNSHOT_MACHINE_GUN_gad_641.wav,/workspaces/danger-classifier-model/dataset/GUNSHOT_MACHINE_GUN_gad_641.wav,6,GUNSHOT_MACHINE_GUN,Gunshot audio dataset,641
GUNSHOT_MACHINE_GUN_gad_642.wav,/workspaces/danger-classifier-model/dataset/GUNSHOT_MACHINE_GUN_gad_642.wav,6,GUNSHOT_MACHINE_GUN,Gunshot audio dataset,642
GUNSHOT_MACHINE_GUN_gad_643.wav,/workspaces/danger-classifier-model/dataset/GUNSHOT_MACHINE_GUN_gad_643.wav,6,GUNSHOT_MACHINE_GUN,Gunshot audio dataset,643
GUNSHOT_MACHINE_GUN_gad_644.wav,/workspaces/danger-classifier-model/dataset/GUNSHOT_MACHINE_GUN_gad_644.wav,6,GUNSHOT_MACHINE_GUN,Gunshot audio dataset,644
GUNSHOT_MACHINE_GUN_gad_645.wav,/workspaces/danger-classifier-model/dataset/GUNSHOT_MACHINE_GUN_gad_645.wav,6,GUNSHOT_MACHINE_GUN,Gunshot audio dataset,645
GUNSHOT_MACHINE_GUN_gad_646.wav,/workspaces/danger-classifier-model/dataset/GUNSHOT_MACHINE_GUN_gad_646.wav,6,GUNSHOT_MACHINE_GUN,Gunshot audio dataset,646
GUNSHOT_MACHINE_GUN_gad_647.wav,/workspaces/danger-classifier-model/dataset/GUNSHOT_MACHINE_GUN_gad_647.wav,6,GUNSHOT_MACHINE_GUN,Gunshot audio dataset,647
GUNSHOT_MACHINE_GUN_gad_648.wav,/workspaces/danger-classifier-model/dataset/GUNSHOT_MACHINE_GUN_gad_648.wav,6,GUNSHOT_MACHINE_GUN,Gunshot audio dataset,648
GUNSHOT_MACHINE_GUN_gad_649.wav,/workspaces/danger-classifier-model/dataset/GUNSHOT_MACHINE_GUN_gad_649.wav,6,GUNSHOT_MACHINE_GUN,Gunshot audio dataset,649
GUNSHOT_MACHINE_GUN_gad_650.wav,/workspaces/danger-classifier-model/dataset/GUNSHOT_MACHINE_GUN_gad_650.wav,6,GUNSHOT_MACHINE_GUN,Gunshot audio dataset,650
GUNSHOT_MACHINE_GUN_gad_651.wav,/workspaces/danger-classifier-model/dataset/GUNSHOT_MACHINE_GUN_gad_651.wav,6,GUNSHOT_MACHINE_GUN,Gunshot audio dataset,651
GUNSHOT_MACHINE_GUN_gad_652.wav,/workspaces/danger-classifier-model/dataset/GUNSHOT_MACHINE_GUN_gad_652.wav,6,GUNSHOT_MACHINE_GUN,Gunshot audio dataset,652
GUNSHOT_RIFLE_gad_753.wav,/workspaces/danger-classifier-model/dataset/GUNSHOT_RIFLE_gad_753.wav,5,GUNSHOT_RIFLE,Gunshot audio dataset,753
GUNSHOT_RIFLE_gad_754.wav,/workspaces/danger-classifier-model/dataset/GUNSHOT_RIFLE_gad_754.wav,5,GUNSHOT_RIFLE,Gunshot audio dataset,754
GUNSHOT_RIFLE_gad_755.wav,/workspaces/danger-classifier-model/dataset/GUNSHOT_RIFLE_gad_755.wav,5,GUNSHOT_RIFLE,Gunshot audio dataset,755
GUNSHOT_RIFLE_gad_756.wav,/workspaces/danger-classifier-model/dataset/GUNSHOT_RIFLE_gad_756.wav,5,GUNSHOT_RIFLE,Gunshot audio dataset,756
GUNSHOT_RIFLE_gad_757.wav,/workspaces/danger-classifier-model/dataset/GUNSHOT_RIFLE_gad_757.wav,5,GUNSHOT_RIFLE,Gunshot audio dataset,757
GUNSHOT_RIFLE_gad_758.wav,/workspaces/danger-classifier-model/dataset/GUNSHOT_RIFLE_gad_758.wav,5,GUNSHOT_RIFLE,Gunshot audio dataset,758
GUNSHOT_RIFLE_gad_759.wav,/workspaces/danger-classifier-model/dataset/GUNSHOT_RIFLE_gad_759.wav,5,GUNSHOT_RIFLE,Gunshot audio dataset,759
GUNSHOT_RIFLE_gad_760.wav,/workspaces/danger-classifier-model/dataset/GUNSHOT_RIFLE_gad_760.wav,5,GUNSHOT_RIFLE,Gunshot audio dataset,760
GUNSHOT_RIFLE_gad_761.wav,/workspaces/danger-classifier-model/dataset/GUNSHOT_RIFLE_gad_761.wav,5,GUNSHOT_RIFLE,Gunshot audio dataset,761
GUNSHOT_RIFLE_gad_762.wav,/workspaces/danger-classifier-model/dataset/GUNSHOT_RIFLE_gad_762.wav,5,GUNSHOT_RIFLE,Gunshot audio dataset,762
GUNSHOT_RIFLE_gad_763.wav,/workspaces/danger-classifier-model/dataset/GUNSHOT_RIFLE_gad_763.wav,5,GUNSHOT_RIFLE,Gunshot audio dataset,763
GUNSHOT_RIFLE_gad_764.wav,/workspaces/danger-classifier-model/dataset/GUNSHOT_RIFLE_gad_764.wav,5,GUNSHOT_RIFLE,Gunshot audio dataset,764
GUNSHOT_RIFLE_gad_765.wav,/workspaces/danger-classifier-model/dataset/GUNSHOT_RIFLE_gad_765.wav,5,GUNSHOT_RIFLE,Gunshot audio dataset,765
GUNSHOT_RIFLE_gad_766.wav,/workspaces/danger-classifier-model/dataset/GUNSHOT_RIFLE_gad_766.wav,5,GUNSHOT_RIFLE,Gunshot audio dataset,766
GUNSHOT_RIFLE_gad_767.wav,/workspaces/danger-classifier-model/dataset/GUNSHOT_RIFLE_gad_767.wav,5,GUNSHOT_RIFLE,Gunshot audio dataset,767
GUNSHOT_RIFLE_gad_768.wav,/workspaces/danger-classifier-model/dataset/GUNSHOT_RIFLE_gad_768.wav,5,GUNSHOT_RIFLE,Gunshot audio dataset,768
GUNSHOT_RIFLE_gad_769.wav,/workspaces/danger-classifier-model/dataset/GUNSHOT_RIFLE_gad_769.wav,5,GUNSHOT_RIFLE,Gunshot audio dataset,769
GUNSHOT_RIFLE_gad_770.wav,/workspaces/danger-classifier-model/dataset/GUNSHOT_RIFLE_gad_770.wav,5,GUNSHOT_RIFLE,Gunshot audio dataset,770
GUNSHOT_RIFLE_gad_771.wav,/workspaces/danger-classifier-model/dataset/GUNSHOT_RIFLE_gad_771.wav,5,GUNSHOT_RIFLE,Gunshot audio dataset,771
GUNSHOT_RIFLE_gad_772.wav,/workspaces/danger-classifier-model/dataset/GUNSHOT_RIFLE_gad_772.wav,5,GUNSHOT_RIFLE,Gunshot audio dataset,772
GUNSHOT_RIFLE_gad_773.wav,/workspaces/danger-classifier-model/dataset/GUNSHOT_RIFLE_gad_773.wav,5,GUNSHOT_RIFLE,Gunshot audio dataset,773
GUNSHOT_RIFLE_gad_774.wav,/workspaces/danger-classifier-model/dataset/GUNSHOT_RIFLE_gad_774.wav,5,GUNSHOT_RIFLE,Gunshot audio dataset,774
GUNSHOT_RIFLE_gad_775.wav,/workspaces/danger-classifier-model/dataset/GUNSHOT_RIFLE_gad_775.wav,5,GUNSHOT_RIFLE,Gunshot audio dataset,775
GUNSHOT_RIFLE_gad_776.wav,/workspaces/danger-classifier-model/dataset/GUNSHOT_RIFLE_gad_776.wav,5,GUNSHOT_RIFLE,Gunshot audio dataset,776
GUNSHOT_RIFLE_gad_777.wav,/workspaces/danger-classifier-model/dataset/GUNSHOT_RIFLE_gad_777.wav,5,GUNSHOT_RIFLE,Gunshot audio dataset,777
GUNSHOT_RIFLE_gad_778.wav,/workspaces/danger-classifier-model/dataset/GUNSHOT_RIFLE_gad_778.wav,5,GUNSHOT_RIFLE,Gunshot audio dataset,778
GUNSHOT_RIFLE_gad_779.wav,/workspaces/danger-classifier-model/dataset/GUNSHOT_RIFLE_gad_779.wav,5,GUNSHOT_RIFLE,Gunshot audio dataset,779
GUNSHOT_RIFLE_gad_780.wav,/workspaces/danger-classifier-model/dataset/GUNSHOT_RIFLE_gad_780.wav,5,GUNSHOT_RIFLE,Gunshot audio dataset,780
GUNSHOT_RIFLE_gad_781.wav,/workspaces/danger-classifier-model/dataset/GUNSHOT_RIFLE_gad_781.wav,5,GUNSHOT_RIFLE,Gunshot audio dataset,781
GUNSHOT_RIFLE_gad_782.wav,/workspaces/danger-classifier-model/dataset/GUNSHOT_RIFLE_gad_782.wav,5,GUNSHOT_RIFLE,Gunshot audio dataset,782
GUNSHOT_RIFLE_gad_783.wav,/workspaces/danger-classifier-model/dataset/GUNSHOT_RIFLE_gad_783.wav,5,GUNSHOT_RIFLE,Gunshot audio dataset,783
GUNSHOT_RIFLE_gad_784.wav,/workspaces/danger-classifier-model/dataset/GUNSHOT_RIFLE_gad_784.wav,5,GUNSHOT_RIFLE,Gunshot audio dataset,784
GUNSHOT_RIFLE_gad_785.wav,/workspaces/danger-classifier-model/dataset/GUNSHOT_RIFLE_gad_785.wav,5,GUNSHOT_RIFLE,Gunshot audio dataset,785
GUNSHOT_RIFLE_gad_786.wav,/workspaces/danger-classifier-model/dataset/GUNSHOT_RIFLE_gad_786.wav,5,GUNSHOT_RIFLE,Gunshot audio dataset,786
GUNSHOT_RIFLE_gad_787.wav,/workspaces/danger-classifier-model/dataset/GUNSHOT_RIFLE_gad_787.wav,5,GUNSHOT_RIFLE,Gunshot audio dataset,787
GUNSHOT_RIFLE_gad_788.wav,/workspaces/danger-classifier-model/dataset/GUNSHOT_RIFLE_gad_788.wav,5,GUNSHOT_RIFLE,Gunshot audio dataset,788
GUNSHOT_RIFLE_gad_789.wav,/workspaces/danger-classifier-model/dataset/GUNSHOT_RIFLE_gad_789.wav,5,GUNSHOT_RIFLE,Gunshot audio dataset,789
GUNSHOT_RIFLE_gad_790.wav,/workspaces/danger-classifier-model/dataset/GUNSHOT_RIFLE_gad_790.wav,5,GUNSHOT_RIFLE,Gunshot audio dataset,790
GUNSHOT_RIFLE_gad_791.wav,/workspaces/danger-classifier-model/dataset/GUNSHOT_RIFLE_gad_791.wav,5,GUNSHOT_RIFLE,Gunshot audio dataset,791
GUNSHOT_RIFLE_gad_792.wav,/workspaces/danger-classifier-model/dataset/GUNSHOT_RIFLE_gad_792.wav,5,GUNSHOT_RIFLE,Gunshot audio dataset,792
GUNSHOT_RIFLE_gad_793.wav,/workspaces/danger-classifier-model/dataset/GUNSHOT_RIFLE_gad_793.wav,5,GUNSHOT_RIFLE,Gunshot audio dataset,793
GUNSHOT_RIFLE_gad_794.wav,/workspaces/danger-classifier-model/dataset/GUNSHOT_RIFLE_gad_794.wav,5,GUNSHOT_RIFLE,Gunshot audio dataset,794
GUNSHOT_RIFLE_gad_795.wav,/workspaces/danger-classifier-model/dataset/GUNSHOT_RIFLE_gad_795.wav,5,GUNSHOT_RIFLE,Gunshot audio dataset,795
GUNSHOT_RIFLE_gad_796.wav,/workspaces/danger-classifier-model/dataset/GUNSHOT_RIFLE_gad_796.wav,5,GUNSHOT_RIFLE,Gunshot audio dataset,796
GUNSHOT_RIFLE_gad_797.wav,/workspaces/danger-classifier-model/dataset/GUNSHOT_RIFLE_gad_797.wav,5,GUNSHOT_RIFLE,Gunshot audio dataset,797
GUNSHOT_RIFLE_gad_798.wav,/workspaces/danger-classifier-model/dataset/GUNSHOT_RIFLE_gad_798.wav,5,GUNSHOT_RIFLE,Gunshot audio dataset,798
GUNSHOT_RIFLE_gad_799.wav,/workspaces/danger-classifier-model/dataset/GUNSHOT_RIFLE_gad_799.wav,5,GUNSHOT_RIFLE,Gunshot audio dataset,799
GUNSHOT_RIFLE_gad_800.wav,/workspaces/danger-classifier-model/dataset/GUNSHOT_RIFLE_gad_800.wav,5,GUNSHOT_RIFLE,Gunshot audio dataset,800
GUNSHOT_RIFLE_gad_801.wav,/workspaces/danger-classifier-model/dataset/GUNSHOT_RIFLE_gad_801.wav,5,GUNSHOT_RIFLE,Gunshot audio dataset,801
GUNSHOT_RIFLE_gad_802.wav,/workspaces/danger-classifier-model/dataset/GUNSHOT_RIFLE_gad_802.wav,5,GUNSHOT_RIFLE,Gunshot audio dataset,802
GUNSHOT_RIFLE_gad_803.wav,/workspaces/danger-classifier-model/dataset/GUNSHOT_RIFLE_gad_803.wav,5,GUNSHOT_RIFLE,Gunshot audio dataset,803
GUNSHOT_RIFLE_gad_804.wav,/workspaces/danger-classifier-model/dataset/GUNSHOT_RIFLE_gad_804.wav,5,GUNSHOT_RIFLE,Gunshot audio dataset,804
GUNSHOT_RIFLE_gad_805.wav,/workspaces/danger-classifier-model/dataset/GUNSHOT_RIFLE_gad_805.wav,5,GUNSHOT_RIFLE,Gunshot audio dataset,805
GUNSHOT_RIFLE_gad_806.wav,/workspaces/danger-classifier-model/dataset/GUNSHOT_RIFLE_gad_806.wav,5,GUNSHOT_RIFLE,Gunshot audio dataset,806
GUNSHOT_RIFLE_gad_807.wav,/workspaces/danger-classifier-model/dataset/GUNSHOT_RIFLE_gad_807.wav,5,GUNSHOT_RIFLE,Gunshot audio dataset,807
GUNSHOT_RIFLE_gad_808.wav,/workspaces/danger-classifier-model/dataset/GUNSHOT_RIFLE_gad_808.wav,5,GUNSHOT_RIFLE,Gunshot audio dataset,808
GUNSHOT_RIFLE_gad_809.wav,/workspaces/danger-classifier-model/dataset/GUNSHOT_RIFLE_gad_809.wav,5,GUNSHOT_RIFLE,Gunshot audio dataset,809
GUNSHOT_RIFLE_gad_810.wav,/workspaces/danger-classifier-model/dataset/GUNSHOT_RIFLE_gad_810.wav,5,GUNSHOT_RIFLE,Gunshot audio dataset,810
GUNSHOT_RIFLE_gad_811.wav,/workspaces/danger-classifier-model/dataset/GUNSHOT_RIFLE_gad_811.wav,5,GUNSHOT_RIFLE,Gunshot audio dataset,811
GUNSHOT_RIFLE_gad_812.wav,/workspaces/danger-classifier-model/dataset/GUNSHOT_RIFLE_gad_812.wav,5,GUNSHOT_RIFLE,Gunshot audio dataset,812
GUNSHOT_RIFLE_gad_813.wav,/workspaces/danger-classifier-model/dataset/GUNSHOT_RIFLE_gad_813.wav,5,GUNSHOT_RIFLE,Gunshot audio dataset,813
GUNSHOT_RIFLE_gad_814.wav,/workspaces/danger-classifier-model/dataset/GUNSHOT_RIFLE_gad_814.wav,5,GUNSHOT_RIFLE,Gunshot audio dataset,814
GUNSHOT_RIFLE_gad_815.wav,/workspaces/danger-classifier-model/dataset/GUNSHOT_RIFLE_gad_815.wav,5,GUNSHOT_RIFLE,Gunshot audio dataset,815
GUNSHOT_RIFLE_gad_816.wav,/workspaces/danger-classifier-model/dataset/GUNSHOT_RIFLE_gad_816.wav,5,GUNSHOT_RIFLE,Gunshot audio dataset,816
GUNSHOT_RIFLE_gad_817.wav,/workspaces/danger-classifier-model/dataset/GUNSHOT_RIFLE_gad_817.wav,5,GUNSHOT_RIFLE,Gunshot audio dataset,817
GUNSHOT_RIFLE_gad_818.wav,/workspaces/danger-classifier-model/dataset/GUNSHOT_RIFLE_gad_818.wav,5,GUNSHOT_RIFLE,Gunshot audio dataset,818
GUNSHOT_RIFLE_gad_819.wav,/workspaces/danger-classifier-model/dataset/GUNSHOT_RIFLE_gad_819.wav,5,GUNSHOT_RIFLE,Gunshot audio dataset,819
GUNSHOT_RIFLE_gad_820.wav,/workspaces/danger-classifier-model/dataset/GUNSHOT_RIFLE_gad_820.wav,5,GUNSHOT_RIFLE,Gunshot audio dataset,820
GUNSHOT_RIFLE_gad_821.wav,/workspaces/danger-classifier-model/dataset/GUNSHOT_RIFLE_gad_821.wav,5,GUNSHOT_RIFLE,Gunshot audio dataset,821
GUNSHOT_RIFLE_gad_822.wav,/workspaces/danger-classifier-model/dataset/GUNSHOT_RIFLE_gad_822.wav,5,GUNSHOT_RIFLE,Gunshot audio dataset,822
GUNSHOT_RIFLE_gad_823.wav,/workspaces/danger-classifier-model/dataset/GUNSHOT_RIFLE_gad_823.wav,5,GUNSHOT_RIFLE,Gunshot audio dataset,823
GUNSHOT_RIFLE_gad_824.wav,/workspaces/danger-classifier-model/dataset/GUNSHOT_RIFLE_gad_824.wav,5,GUNSHOT_RIFLE,Gunshot audio dataset,824
GUNSHOT_RIFLE_gad_825.wav,/workspaces/danger-classifier-model/dataset/GUNSHOT_RIFLE_gad_825.wav,5,GUNSHOT_RIFLE,Gunshot audio dataset,825
GUNSHOT_RIFLE_gad_826.wav,/workspaces/danger-classifier-model/dataset/GUNSHOT_RIFLE_gad_826.wav,5,GUNSHOT_RIFLE,Gunshot audio dataset,826
GUNSHOT_RIFLE_gad_827.wav,/workspaces/danger-classifier-model/dataset/GUNSHOT_RIFLE_gad_827.wav,5,GUNSHOT_RIFLE,Gunshot audio dataset,827
GUNSHOT_RIFLE_gad_828.wav,/workspaces/danger-classifier-model/dataset/GUNSHOT_RIFLE_gad_828.wav,5,GUNSHOT_RIFLE,Gunshot audio dataset,828
GUNSHOT_RIFLE_gad_829.wav,/workspaces/danger-classifier-model/dataset/GUNSHOT_RIFLE_gad_829.wav,5,GUNSHOT_RIFLE,Gunshot audio dataset,829
GUNSHOT_RIFLE_gad_830.wav,/workspaces/danger-classifier-model/dataset/GUNSHOT_RIFLE_gad_830.wav,5,GUNSHOT_RIFLE,Gunshot audio dataset,830
GUNSHOT_RIFLE_gad_831.wav,/workspaces/danger-classifier-model/dataset/GUNSHOT_RIFLE_gad_831.wav,5,GUNSHOT_RIFLE,Gunshot audio dataset,831
GUNSHOT_RIFLE_gad_832.wav,/workspaces/danger-classifier-model/dataset/GUNSHOT_RIFLE_gad_832.wav,5,GUNSHOT_RIFLE,Gunshot audio dataset,832
GUNSHOT_RIFLE_gad_833.wav,/workspaces/danger-classifier-model/dataset/GUNSHOT_RIFLE_gad_833.wav,5,GUNSHOT_RIFLE,Gunshot audio dataset,833
GUNSHOT_RIFLE_gad_834.wav,/workspaces/danger-classifier-model/dataset/GUNSHOT_RIFLE_gad_834.wav,5,GUNSHOT_RIFLE,Gunshot audio dataset,834
GUNSHOT_RIFLE_gad_835.wav,/workspaces/danger-classifier-model/dataset/GUNSHOT_RIFLE_gad_835.wav,5,GUNSHOT_RIFLE,Gunshot audio dataset,835
GUNSHOT_RIFLE_gad_836.wav,/workspaces/danger-classifier-model/dataset/GUNSHOT_RIFLE_gad_836.wav,5,GUNSHOT_RIFLE,Gunshot audio dataset,836
GUNSHOT_RIFLE_gad_837.wav,/workspaces/danger-classifier-model/dataset/GUNSHOT_RIFLE_gad_837.wav,5,GUNSHOT_RIFLE,Gunshot audio dataset,837
GUNSHOT_RIFLE_gad_838.wav,/workspaces/danger-classifier-model/dataset/GUNSHOT_RIFLE_gad_838.wav,5,GUNSHOT_RIFLE,Gunshot audio dataset,838
GUNSHOT_RIFLE_gad_839.wav,/workspaces/danger-classifier-model/dataset/GUNSHOT_RIFLE_gad_839.wav,5,GUNSHOT_RIFLE,Gunshot audio dataset,839
GUNSHOT_RIFLE_gad_840.wav,/workspaces/danger-classifier-model/dataset/GUNSHOT_RIFLE_gad_840.wav,5,GUNSHOT_RIFLE,Gunshot audio dataset,840
GUNSHOT_RIFLE_gad_841.wav,/workspaces/danger-classifier-model/dataset/GUNSHOT_RIFLE_gad_841.wav,5,GUNSHOT_RIFLE,Gunshot audio dataset,841
GUNSHOT_RIFLE_gad_842.wav,/workspaces/danger-classifier-model/dataset/GUNSHOT_RIFLE_gad_842.wav,5,GUNSHOT_RIFLE,Gunshot audio dataset,842
GUNSHOT_RIFLE_gad_843.wav,/workspaces/danger-classifier-model/dataset/GUNSHOT_RIFLE_gad_843.wav,5,GUNSHOT_RIFLE,Gunshot audio dataset,843
GUNSHOT_RIFLE_gad_844.wav,/workspaces/danger-classifier-model/dataset/GUNSHOT_RIFLE_gad_844.wav,5,GUNSHOT_RIFLE,Gunshot audio dataset,844
GUNSHOT_RIFLE_gad_845.wav,/workspaces/danger-classifier-model/dataset/GUNSHOT_RIFLE_gad_845.wav,5,GUNSHOT_RIFLE,Gunshot audio dataset,845
GUNSHOT_RIFLE_gad_846.wav,/workspaces/danger-classifier-model/dataset/GUNSHOT_RIFLE_gad_846.wav,5,GUNSHOT_RIFLE,Gunshot audio dataset,846
GUNSHOT_RIFLE_gad_847.wav,/workspaces/danger-classifier-model/dataset/GUNSHOT_RIFLE_gad_847.wav,5,GUNSHOT_RIFLE,Gunshot audio dataset,847
GUNSHOT_RIFLE_gad_848.wav,/workspaces/danger-classifier-model/dataset/GUNSHOT_RIFLE_gad_848.wav,5,GUNSHOT_RIFLE,Gunshot audio dataset,848
GUNSHOT_RIFLE_gad_849.wav,/workspaces/danger-classifier-model/dataset/GUNSHOT_RIFLE_gad_849.wav,5,GUNSHOT_RIFLE,Gunshot audio dataset,849
GUNSHOT_RIFLE_gad_850.wav,/workspaces/danger-classifier-model/dataset/GUNSHOT_RIFLE_gad_850.wav,5,GUNSHOT_RIFLE,Gunshot audio dataset,850
