file_name,file_path,class_id,class_name,sub_ds_name,sub_ds_index,fold
ALARM_esc50_333.wav,/workspaces/danger-classifier-model/dataset/ALARM_esc50_333.wav,15,ALARM,ESC-50,333,0.0
ALARM_esc50_181.wav,/workspaces/danger-classifier-model/dataset/ALARM_esc50_181.wav,15,ALARM,ESC-50,181,0.0
ALARM_esc50_1884.wav,/workspaces/danger-classifier-model/dataset/ALARM_esc50_1884.wav,15,ALARM,ESC-50,1884,0.0
ALARM_esc50_728.wav,/workspaces/danger-classifier-model/dataset/ALARM_esc50_728.wav,15,ALARM,ESC-50,728,0.0
ALARM_esc50_389.wav,/workspaces/danger-classifier-model/dataset/ALARM_esc50_389.wav,15,ALARM,ESC-50,389,1.0
ALARM_esc50_1511.wav,/workspaces/danger-classifier-model/dataset/ALARM_esc50_1511.wav,15,ALARM,ESC-50,1511,1.0
ALARM_esc50_1945.wav,/workspaces/danger-classifier-model/dataset/ALARM_esc50_1945.wav,15,ALARM,ESC-50,1945,1.0
ALARM_esc50_775.wav,/workspaces/danger-classifier-model/dataset/ALARM_esc50_775.wav,15,ALARM,ESC-50,775,1.0
ALARM_esc50_983.wav,/workspaces/danger-classifier-model/dataset/ALARM_esc50_983.wav,15,ALARM,ESC-50,983,2.0
ALARM_esc50_1843.wav,/workspaces/danger-classifier-model/dataset/ALARM_esc50_1843.wav,15,ALARM,ESC-50,1843,2.0
ALARM_esc50_876.wav,/workspaces/danger-classifier-model/dataset/ALARM_esc50_876.wav,15,ALARM,ESC-50,876,2.0
ALARM_esc50_931.wav,/workspaces/danger-classifier-model/dataset/ALARM_esc50_931.wav,15,ALARM,ESC-50,931,2.0
ALARM_esc50_788.wav,/workspaces/danger-classifier-model/dataset/ALARM_esc50_788.wav,15,ALARM,ESC-50,788,3.0
ALARM_esc50_1543.wav,/workspaces/danger-classifier-model/dataset/ALARM_esc50_1543.wav,15,ALARM,ESC-50,1543,3.0
ALARM_esc50_332.wav,/workspaces/danger-classifier-model/dataset/ALARM_esc50_332.wav,15,ALARM,ESC-50,332,3.0
ALARM_esc50_339.wav,/workspaces/danger-classifier-model/dataset/ALARM_esc50_339.wav,15,ALARM,ESC-50,339,3.0
ALARM_esc50_35.wav,/workspaces/danger-classifier-model/dataset/ALARM_esc50_35.wav,15,ALARM,ESC-50,35,4.0
ALARM_esc50_854.wav,/workspaces/danger-classifier-model/dataset/ALARM_esc50_854.wav,15,ALARM,ESC-50,854,4.0
ALARM_esc50_729.wav,/workspaces/danger-classifier-model/dataset/ALARM_esc50_729.wav,15,ALARM,ESC-50,729,4.0
ALARM_esc50_427.wav,/workspaces/danger-classifier-model/dataset/ALARM_esc50_427.wav,15,ALARM,ESC-50,427,4.0
ALARM_esc50_1793.wav,/workspaces/danger-classifier-model/dataset/ALARM_esc50_1793.wav,15,ALARM,ESC-50,1793,5.0
ALARM_esc50_1542.wav,/workspaces/danger-classifier-model/dataset/ALARM_esc50_1542.wav,15,ALARM,ESC-50,1542,5.0
ALARM_esc50_1351.wav,/workspaces/danger-classifier-model/dataset/ALARM_esc50_1351.wav,15,ALARM,ESC-50,1351,5.0
ALARM_esc50_483.wav,/workspaces/danger-classifier-model/dataset/ALARM_esc50_483.wav,15,ALARM,ESC-50,483,5.0
ALARM_esc50_875.wav,/workspaces/danger-classifier-model/dataset/ALARM_esc50_875.wav,15,ALARM,ESC-50,875,6.0
ALARM_esc50_428.wav,/workspaces/danger-classifier-model/dataset/ALARM_esc50_428.wav,15,ALARM,ESC-50,428,6.0
ALARM_esc50_855.wav,/workspaces/danger-classifier-model/dataset/ALARM_esc50_855.wav,15,ALARM,ESC-50,855,6.0
ALARM_esc50_38.wav,/workspaces/danger-classifier-model/dataset/ALARM_esc50_38.wav,15,ALARM,ESC-50,38,6.0
ALARM_esc50_318.wav,/workspaces/danger-classifier-model/dataset/ALARM_esc50_318.wav,15,ALARM,ESC-50,318,7.0
ALARM_esc50_1795.wav,/workspaces/danger-classifier-model/dataset/ALARM_esc50_1795.wav,15,ALARM,ESC-50,1795,7.0
ALARM_esc50_1842.wav,/workspaces/danger-classifier-model/dataset/ALARM_esc50_1842.wav,15,ALARM,ESC-50,1842,7.0
ALARM_esc50_1273.wav,/workspaces/danger-classifier-model/dataset/ALARM_esc50_1273.wav,15,ALARM,ESC-50,1273,7.0
ALARM_esc50_909.wav,/workspaces/danger-classifier-model/dataset/ALARM_esc50_909.wav,15,ALARM,ESC-50,909,8.0
ALARM_esc50_410.wav,/workspaces/danger-classifier-model/dataset/ALARM_esc50_410.wav,15,ALARM,ESC-50,410,8.0
ALARM_esc50_1867.wav,/workspaces/danger-classifier-model/dataset/ALARM_esc50_1867.wav,15,ALARM,ESC-50,1867,8.0
ALARM_esc50_1881.wav,/workspaces/danger-classifier-model/dataset/ALARM_esc50_1881.wav,15,ALARM,ESC-50,1881,8.0
ALARM_esc50_1364.wav,/workspaces/danger-classifier-model/dataset/ALARM_esc50_1364.wav,15,ALARM,ESC-50,1364,9.0
ALARM_esc50_908.wav,/workspaces/danger-classifier-model/dataset/ALARM_esc50_908.wav,15,ALARM,ESC-50,908,9.0
ALARM_esc50_1469.wav,/workspaces/danger-classifier-model/dataset/ALARM_esc50_1469.wav,15,ALARM,ESC-50,1469,9.0
ALARM_esc50_1531.wav,/workspaces/danger-classifier-model/dataset/ALARM_esc50_1531.wav,15,ALARM,ESC-50,1531,9.0
CAR_HORN_esc50_1068.wav,/workspaces/danger-classifier-model/dataset/CAR_HORN_esc50_1068.wav,2,CAR_HORN,ESC-50,1068,0.0
CAR_HORN_esc50_83.wav,/workspaces/danger-classifier-model/dataset/CAR_HORN_esc50_83.wav,2,CAR_HORN,ESC-50,83,0.0
CAR_HORN_esc50_1663.wav,/workspaces/danger-classifier-model/dataset/CAR_HORN_esc50_1663.wav,2,CAR_HORN,ESC-50,1663,0.0
CAR_HORN_esc50_532.wav,/workspaces/danger-classifier-model/dataset/CAR_HORN_esc50_532.wav,2,CAR_HORN,ESC-50,532,0.0
CAR_HORN_esc50_53.wav,/workspaces/danger-classifier-model/dataset/CAR_HORN_esc50_53.wav,2,CAR_HORN,ESC-50,53,1.0
CAR_HORN_esc50_640.wav,/workspaces/danger-classifier-model/dataset/CAR_HORN_esc50_640.wav,2,CAR_HORN,ESC-50,640,1.0
CAR_HORN_esc50_1662.wav,/workspaces/danger-classifier-model/dataset/CAR_HORN_esc50_1662.wav,2,CAR_HORN,ESC-50,1662,1.0
CAR_HORN_esc50_125.wav,/workspaces/danger-classifier-model/dataset/CAR_HORN_esc50_125.wav,2,CAR_HORN,ESC-50,125,1.0
CAR_HORN_esc50_540.wav,/workspaces/danger-classifier-model/dataset/CAR_HORN_esc50_540.wav,2,CAR_HORN,ESC-50,540,2.0
CAR_HORN_esc50_1385.wav,/workspaces/danger-classifier-model/dataset/CAR_HORN_esc50_1385.wav,2,CAR_HORN,ESC-50,1385,2.0
CAR_HORN_esc50_970.wav,/workspaces/danger-classifier-model/dataset/CAR_HORN_esc50_970.wav,2,CAR_HORN,ESC-50,970,2.0
CAR_HORN_esc50_561.wav,/workspaces/danger-classifier-model/dataset/CAR_HORN_esc50_561.wav,2,CAR_HORN,ESC-50,561,2.0
CAR_HORN_esc50_137.wav,/workspaces/danger-classifier-model/dataset/CAR_HORN_esc50_137.wav,2,CAR_HORN,ESC-50,137,3.0
CAR_HORN_esc50_541.wav,/workspaces/danger-classifier-model/dataset/CAR_HORN_esc50_541.wav,2,CAR_HORN,ESC-50,541,3.0
CAR_HORN_esc50_1020.wav,/workspaces/danger-classifier-model/dataset/CAR_HORN_esc50_1020.wav,2,CAR_HORN,ESC-50,1020,3.0
CAR_HORN_esc50_1668.wav,/workspaces/danger-classifier-model/dataset/CAR_HORN_esc50_1668.wav,2,CAR_HORN,ESC-50,1668,3.0
CAR_HORN_esc50_1388.wav,/workspaces/danger-classifier-model/dataset/CAR_HORN_esc50_1388.wav,2,CAR_HORN,ESC-50,1388,4.0
CAR_HORN_esc50_1387.wav,/workspaces/danger-classifier-model/dataset/CAR_HORN_esc50_1387.wav,2,CAR_HORN,ESC-50,1387,4.0
CAR_HORN_esc50_1148.wav,/workspaces/danger-classifier-model/dataset/CAR_HORN_esc50_1148.wav,2,CAR_HORN,ESC-50,1148,4.0
CAR_HORN_esc50_138.wav,/workspaces/danger-classifier-model/dataset/CAR_HORN_esc50_138.wav,2,CAR_HORN,ESC-50,138,4.0
CAR_HORN_esc50_975.wav,/workspaces/danger-classifier-model/dataset/CAR_HORN_esc50_975.wav,2,CAR_HORN,ESC-50,975,5.0
CAR_HORN_esc50_1661.wav,/workspaces/danger-classifier-model/dataset/CAR_HORN_esc50_1661.wav,2,CAR_HORN,ESC-50,1661,5.0
CAR_HORN_esc50_1390.wav,/workspaces/danger-classifier-model/dataset/CAR_HORN_esc50_1390.wav,2,CAR_HORN,ESC-50,1390,5.0
CAR_HORN_esc50_124.wav,/workspaces/danger-classifier-model/dataset/CAR_HORN_esc50_124.wav,2,CAR_HORN,ESC-50,124,5.0
CAR_HORN_esc50_1391.wav,/workspaces/danger-classifier-model/dataset/CAR_HORN_esc50_1391.wav,2,CAR_HORN,ESC-50,1391,6.0
CAR_HORN_esc50_574.wav,/workspaces/danger-classifier-model/dataset/CAR_HORN_esc50_574.wav,2,CAR_HORN,ESC-50,574,6.0
CAR_HORN_esc50_1477.wav,/workspaces/danger-classifier-model/dataset/CAR_HORN_esc50_1477.wav,2,CAR_HORN,ESC-50,1477,6.0
CAR_HORN_esc50_1396.wav,/workspaces/danger-classifier-model/dataset/CAR_HORN_esc50_1396.wav,2,CAR_HORN,ESC-50,1396,6.0
CAR_HORN_esc50_1666.wav,/workspaces/danger-classifier-model/dataset/CAR_HORN_esc50_1666.wav,2,CAR_HORN,ESC-50,1666,7.0
CAR_HORN_esc50_1030.wav,/workspaces/danger-classifier-model/dataset/CAR_HORN_esc50_1030.wav,2,CAR_HORN,ESC-50,1030,7.0
CAR_HORN_esc50_400.wav,/workspaces/danger-classifier-model/dataset/CAR_HORN_esc50_400.wav,2,CAR_HORN,ESC-50,400,7.0
CAR_HORN_esc50_1667.wav,/workspaces/danger-classifier-model/dataset/CAR_HORN_esc50_1667.wav,2,CAR_HORN,ESC-50,1667,7.0
CAR_HORN_esc50_130.wav,/workspaces/danger-classifier-model/dataset/CAR_HORN_esc50_130.wav,2,CAR_HORN,ESC-50,130,8.0
CAR_HORN_esc50_1386.wav,/workspaces/danger-classifier-model/dataset/CAR_HORN_esc50_1386.wav,2,CAR_HORN,ESC-50,1386,8.0
CAR_HORN_esc50_658.wav,/workspaces/danger-classifier-model/dataset/CAR_HORN_esc50_658.wav,2,CAR_HORN,ESC-50,658,8.0
CAR_HORN_esc50_1029.wav,/workspaces/danger-classifier-model/dataset/CAR_HORN_esc50_1029.wav,2,CAR_HORN,ESC-50,1029,8.0
CAR_HORN_esc50_1665.wav,/workspaces/danger-classifier-model/dataset/CAR_HORN_esc50_1665.wav,2,CAR_HORN,ESC-50,1665,9.0
CAR_HORN_esc50_150.wav,/workspaces/danger-classifier-model/dataset/CAR_HORN_esc50_150.wav,2,CAR_HORN,ESC-50,150,9.0
CAR_HORN_esc50_1664.wav,/workspaces/danger-classifier-model/dataset/CAR_HORN_esc50_1664.wav,2,CAR_HORN,ESC-50,1664,9.0
CAR_HORN_esc50_1110.wav,/workspaces/danger-classifier-model/dataset/CAR_HORN_esc50_1110.wav,2,CAR_HORN,ESC-50,1110,9.0
CHAINSAW_esc50_645.wav,/workspaces/danger-classifier-model/dataset/CHAINSAW_esc50_645.wav,11,CHAINSAW,ESC-50,645,0.0
CHAINSAW_esc50_92.wav,/workspaces/danger-classifier-model/dataset/CHAINSAW_esc50_92.wav,11,CHAINSAW,ESC-50,92,0.0
CHAINSAW_esc50_1862.wav,/workspaces/danger-classifier-model/dataset/CHAINSAW_esc50_1862.wav,11,CHAINSAW,ESC-50,1862,0.0
CHAINSAW_esc50_1086.wav,/workspaces/danger-classifier-model/dataset/CHAINSAW_esc50_1086.wav,11,CHAINSAW,ESC-50,1086,0.0
CHAINSAW_esc50_646.wav,/workspaces/danger-classifier-model/dataset/CHAINSAW_esc50_646.wav,11,CHAINSAW,ESC-50,646,1.0
CHAINSAW_esc50_725.wav,/workspaces/danger-classifier-model/dataset/CHAINSAW_esc50_725.wav,11,CHAINSAW,ESC-50,725,1.0
CHAINSAW_esc50_726.wav,/workspaces/danger-classifier-model/dataset/CHAINSAW_esc50_726.wav,11,CHAINSAW,ESC-50,726,1.0
CHAINSAW_esc50_1680.wav,/workspaces/danger-classifier-model/dataset/CHAINSAW_esc50_1680.wav,11,CHAINSAW,ESC-50,1680,1.0
CHAINSAW_esc50_862.wav,/workspaces/danger-classifier-model/dataset/CHAINSAW_esc50_862.wav,11,CHAINSAW,ESC-50,862,2.0
CHAINSAW_esc50_1643.wav,/workspaces/danger-classifier-model/dataset/CHAINSAW_esc50_1643.wav,11,CHAINSAW,ESC-50,1643,2.0
CHAINSAW_esc50_648.wav,/workspaces/danger-classifier-model/dataset/CHAINSAW_esc50_648.wav,11,CHAINSAW,ESC-50,648,2.0
CHAINSAW_esc50_24.wav,/workspaces/danger-classifier-model/dataset/CHAINSAW_esc50_24.wav,11,CHAINSAW,ESC-50,24,2.0
CHAINSAW_esc50_863.wav,/workspaces/danger-classifier-model/dataset/CHAINSAW_esc50_863.wav,11,CHAINSAW,ESC-50,863,3.0
CHAINSAW_esc50_314.wav,/workspaces/danger-classifier-model/dataset/CHAINSAW_esc50_314.wav,11,CHAINSAW,ESC-50,314,3.0
CHAINSAW_esc50_1642.wav,/workspaces/danger-classifier-model/dataset/CHAINSAW_esc50_1642.wav,11,CHAINSAW,ESC-50,1642,3.0
CHAINSAW_esc50_1268.wav,/workspaces/danger-classifier-model/dataset/CHAINSAW_esc50_1268.wav,11,CHAINSAW,ESC-50,1268,3.0
CHAINSAW_esc50_1645.wav,/workspaces/danger-classifier-model/dataset/CHAINSAW_esc50_1645.wav,11,CHAINSAW,ESC-50,1645,4.0
CHAINSAW_esc50_864.wav,/workspaces/danger-classifier-model/dataset/CHAINSAW_esc50_864.wav,11,CHAINSAW,ESC-50,864,4.0
CHAINSAW_esc50_224.wav,/workspaces/danger-classifier-model/dataset/CHAINSAW_esc50_224.wav,11,CHAINSAW,ESC-50,224,4.0
CHAINSAW_esc50_865.wav,/workspaces/danger-classifier-model/dataset/CHAINSAW_esc50_865.wav,11,CHAINSAW,ESC-50,865,4.0
CHAINSAW_esc50_647.wav,/workspaces/danger-classifier-model/dataset/CHAINSAW_esc50_647.wav,11,CHAINSAW,ESC-50,647,5.0
CHAINSAW_esc50_687.wav,/workspaces/danger-classifier-model/dataset/CHAINSAW_esc50_687.wav,11,CHAINSAW,ESC-50,687,5.0
CHAINSAW_esc50_861.wav,/workspaces/danger-classifier-model/dataset/CHAINSAW_esc50_861.wav,11,CHAINSAW,ESC-50,861,5.0
CHAINSAW_esc50_315.wav,/workspaces/danger-classifier-model/dataset/CHAINSAW_esc50_315.wav,11,CHAINSAW,ESC-50,315,5.0
CHAINSAW_esc50_93.wav,/workspaces/danger-classifier-model/dataset/CHAINSAW_esc50_93.wav,11,CHAINSAW,ESC-50,93,6.0
CHAINSAW_esc50_1350.wav,/workspaces/danger-classifier-model/dataset/CHAINSAW_esc50_1350.wav,11,CHAINSAW,ESC-50,1350,6.0
CHAINSAW_esc50_688.wav,/workspaces/danger-classifier-model/dataset/CHAINSAW_esc50_688.wav,11,CHAINSAW,ESC-50,688,6.0
CHAINSAW_esc50_1681.wav,/workspaces/danger-classifier-model/dataset/CHAINSAW_esc50_1681.wav,11,CHAINSAW,ESC-50,1681,6.0
CHAINSAW_esc50_1830.wav,/workspaces/danger-classifier-model/dataset/CHAINSAW_esc50_1830.wav,11,CHAINSAW,ESC-50,1830,7.0
CHAINSAW_esc50_1332.wav,/workspaces/danger-classifier-model/dataset/CHAINSAW_esc50_1332.wav,11,CHAINSAW,ESC-50,1332,7.0
CHAINSAW_esc50_94.wav,/workspaces/danger-classifier-model/dataset/CHAINSAW_esc50_94.wav,11,CHAINSAW,ESC-50,94,7.0
CHAINSAW_esc50_1291.wav,/workspaces/danger-classifier-model/dataset/CHAINSAW_esc50_1291.wav,11,CHAINSAW,ESC-50,1291,7.0
CHAINSAW_esc50_1349.wav,/workspaces/danger-classifier-model/dataset/CHAINSAW_esc50_1349.wav,11,CHAINSAW,ESC-50,1349,8.0
CHAINSAW_esc50_223.wav,/workspaces/danger-classifier-model/dataset/CHAINSAW_esc50_223.wav,11,CHAINSAW,ESC-50,223,8.0
CHAINSAW_esc50_1267.wav,/workspaces/danger-classifier-model/dataset/CHAINSAW_esc50_1267.wav,11,CHAINSAW,ESC-50,1267,8.0
CHAINSAW_esc50_1290.wav,/workspaces/danger-classifier-model/dataset/CHAINSAW_esc50_1290.wav,11,CHAINSAW,ESC-50,1290,8.0
CHAINSAW_esc50_866.wav,/workspaces/danger-classifier-model/dataset/CHAINSAW_esc50_866.wav,11,CHAINSAW,ESC-50,866,9.0
CHAINSAW_esc50_1831.wav,/workspaces/danger-classifier-model/dataset/CHAINSAW_esc50_1831.wav,11,CHAINSAW,ESC-50,1831,9.0
CHAINSAW_esc50_867.wav,/workspaces/danger-classifier-model/dataset/CHAINSAW_esc50_867.wav,11,CHAINSAW,ESC-50,867,9.0
CHAINSAW_esc50_1331.wav,/workspaces/danger-classifier-model/dataset/CHAINSAW_esc50_1331.wav,11,CHAINSAW,ESC-50,1331,9.0
CRYING_BABY_esc50_996.wav,/workspaces/danger-classifier-model/dataset/CRYING_BABY_esc50_996.wav,9,CRYING_BABY,ESC-50,996,0.0
CRYING_BABY_esc50_1011.wav,/workspaces/danger-classifier-model/dataset/CRYING_BABY_esc50_1011.wav,9,CRYING_BABY,ESC-50,1011,0.0
CRYING_BABY_esc50_1007.wav,/workspaces/danger-classifier-model/dataset/CRYING_BABY_esc50_1007.wav,9,CRYING_BABY,ESC-50,1007,0.0
CRYING_BABY_esc50_1617.wav,/workspaces/danger-classifier-model/dataset/CRYING_BABY_esc50_1617.wav,9,CRYING_BABY,ESC-50,1617,0.0
CRYING_BABY_esc50_446.wav,/workspaces/danger-classifier-model/dataset/CRYING_BABY_esc50_446.wav,9,CRYING_BABY,ESC-50,446,1.0
CRYING_BABY_esc50_1342.wav,/workspaces/danger-classifier-model/dataset/CRYING_BABY_esc50_1342.wav,9,CRYING_BABY,ESC-50,1342,1.0
CRYING_BABY_esc50_644.wav,/workspaces/danger-classifier-model/dataset/CRYING_BABY_esc50_644.wav,9,CRYING_BABY,ESC-50,644,1.0
CRYING_BABY_esc50_300.wav,/workspaces/danger-classifier-model/dataset/CRYING_BABY_esc50_300.wav,9,CRYING_BABY,ESC-50,300,1.0
CRYING_BABY_esc50_106.wav,/workspaces/danger-classifier-model/dataset/CRYING_BABY_esc50_106.wav,9,CRYING_BABY,ESC-50,106,2.0
CRYING_BABY_esc50_684.wav,/workspaces/danger-classifier-model/dataset/CRYING_BABY_esc50_684.wav,9,CRYING_BABY,ESC-50,684,2.0
CRYING_BABY_esc50_445.wav,/workspaces/danger-classifier-model/dataset/CRYING_BABY_esc50_445.wav,9,CRYING_BABY,ESC-50,445,2.0
CRYING_BABY_esc50_1734.wav,/workspaces/danger-classifier-model/dataset/CRYING_BABY_esc50_1734.wav,9,CRYING_BABY,ESC-50,1734,2.0
CRYING_BABY_esc50_1730.wav,/workspaces/danger-classifier-model/dataset/CRYING_BABY_esc50_1730.wav,9,CRYING_BABY,ESC-50,1730,3.0
CRYING_BABY_esc50_78.wav,/workspaces/danger-classifier-model/dataset/CRYING_BABY_esc50_78.wav,9,CRYING_BABY,ESC-50,78,3.0
CRYING_BABY_esc50_1008.wav,/workspaces/danger-classifier-model/dataset/CRYING_BABY_esc50_1008.wav,9,CRYING_BABY,ESC-50,1008,3.0
CRYING_BABY_esc50_105.wav,/workspaces/danger-classifier-model/dataset/CRYING_BABY_esc50_105.wav,9,CRYING_BABY,ESC-50,105,3.0
CRYING_BABY_esc50_1438.wav,/workspaces/danger-classifier-model/dataset/CRYING_BABY_esc50_1438.wav,9,CRYING_BABY,ESC-50,1438,4.0
CRYING_BABY_esc50_104.wav,/workspaces/danger-classifier-model/dataset/CRYING_BABY_esc50_104.wav,9,CRYING_BABY,ESC-50,104,4.0
CRYING_BABY_esc50_1010.wav,/workspaces/danger-classifier-model/dataset/CRYING_BABY_esc50_1010.wav,9,CRYING_BABY,ESC-50,1010,4.0
CRYING_BABY_esc50_1589.wav,/workspaces/danger-classifier-model/dataset/CRYING_BABY_esc50_1589.wav,9,CRYING_BABY,ESC-50,1589,4.0
CRYING_BABY_esc50_997.wav,/workspaces/danger-classifier-model/dataset/CRYING_BABY_esc50_997.wav,9,CRYING_BABY,ESC-50,997,5.0
CRYING_BABY_esc50_1588.wav,/workspaces/danger-classifier-model/dataset/CRYING_BABY_esc50_1588.wav,9,CRYING_BABY,ESC-50,1588,5.0
CRYING_BABY_esc50_577.wav,/workspaces/danger-classifier-model/dataset/CRYING_BABY_esc50_577.wav,9,CRYING_BABY,ESC-50,577,5.0
CRYING_BABY_esc50_1728.wav,/workspaces/danger-classifier-model/dataset/CRYING_BABY_esc50_1728.wav,9,CRYING_BABY,ESC-50,1728,5.0
CRYING_BABY_esc50_301.wav,/workspaces/danger-classifier-model/dataset/CRYING_BABY_esc50_301.wav,9,CRYING_BABY,ESC-50,301,6.0
CRYING_BABY_esc50_114.wav,/workspaces/danger-classifier-model/dataset/CRYING_BABY_esc50_114.wav,9,CRYING_BABY,ESC-50,114,6.0
CRYING_BABY_esc50_1340.wav,/workspaces/danger-classifier-model/dataset/CRYING_BABY_esc50_1340.wav,9,CRYING_BABY,ESC-50,1340,6.0
CRYING_BABY_esc50_1341.wav,/workspaces/danger-classifier-model/dataset/CRYING_BABY_esc50_1341.wav,9,CRYING_BABY,ESC-50,1341,6.0
CRYING_BABY_esc50_1009.wav,/workspaces/danger-classifier-model/dataset/CRYING_BABY_esc50_1009.wav,9,CRYING_BABY,ESC-50,1009,7.0
CRYING_BABY_esc50_1731.wav,/workspaces/danger-classifier-model/dataset/CRYING_BABY_esc50_1731.wav,9,CRYING_BABY,ESC-50,1731,7.0
CRYING_BABY_esc50_1439.wav,/workspaces/danger-classifier-model/dataset/CRYING_BABY_esc50_1439.wav,9,CRYING_BABY,ESC-50,1439,7.0
CRYING_BABY_esc50_736.wav,/workspaces/danger-classifier-model/dataset/CRYING_BABY_esc50_736.wav,9,CRYING_BABY,ESC-50,736,7.0
CRYING_BABY_esc50_643.wav,/workspaces/danger-classifier-model/dataset/CRYING_BABY_esc50_643.wav,9,CRYING_BABY,ESC-50,643,8.0
CRYING_BABY_esc50_1733.wav,/workspaces/danger-classifier-model/dataset/CRYING_BABY_esc50_1733.wav,9,CRYING_BABY,ESC-50,1733,8.0
CRYING_BABY_esc50_1732.wav,/workspaces/danger-classifier-model/dataset/CRYING_BABY_esc50_1732.wav,9,CRYING_BABY,ESC-50,1732,8.0
CRYING_BABY_esc50_1729.wav,/workspaces/danger-classifier-model/dataset/CRYING_BABY_esc50_1729.wav,9,CRYING_BABY,ESC-50,1729,8.0
CRYING_BABY_esc50_995.wav,/workspaces/danger-classifier-model/dataset/CRYING_BABY_esc50_995.wav,9,CRYING_BABY,ESC-50,995,9.0
CRYING_BABY_esc50_1437.wav,/workspaces/danger-classifier-model/dataset/CRYING_BABY_esc50_1437.wav,9,CRYING_BABY,ESC-50,1437,9.0
CRYING_BABY_esc50_685.wav,/workspaces/danger-classifier-model/dataset/CRYING_BABY_esc50_685.wav,9,CRYING_BABY,ESC-50,685,9.0
CRYING_BABY_esc50_113.wav,/workspaces/danger-classifier-model/dataset/CRYING_BABY_esc50_113.wav,9,CRYING_BABY,ESC-50,113,9.0
DOG_BARK_esc50_496.wav,/workspaces/danger-classifier-model/dataset/DOG_BARK_esc50_496.wav,20,DOG_BARK,ESC-50,496,0.0
DOG_BARK_esc50_1780.wav,/workspaces/danger-classifier-model/dataset/DOG_BARK_esc50_1780.wav,20,DOG_BARK,ESC-50,1780,0.0
DOG_BARK_esc50_170.wav,/workspaces/danger-classifier-model/dataset/DOG_BARK_esc50_170.wav,20,DOG_BARK,ESC-50,170,0.0
DOG_BARK_esc50_1760.wav,/workspaces/danger-classifier-model/dataset/DOG_BARK_esc50_1760.wav,20,DOG_BARK,ESC-50,1760,0.0
DOG_BARK_esc50_158.wav,/workspaces/danger-classifier-model/dataset/DOG_BARK_esc50_158.wav,20,DOG_BARK,ESC-50,158,1.0
DOG_BARK_esc50_1515.wav,/workspaces/danger-classifier-model/dataset/DOG_BARK_esc50_1515.wav,20,DOG_BARK,ESC-50,1515,1.0
DOG_BARK_esc50_157.wav,/workspaces/danger-classifier-model/dataset/DOG_BARK_esc50_157.wav,20,DOG_BARK,ESC-50,157,1.0
DOG_BARK_esc50_1072.wav,/workspaces/danger-classifier-model/dataset/DOG_BARK_esc50_1072.wav,20,DOG_BARK,ESC-50,1072,1.0
DOG_BARK_esc50_1871.wav,/workspaces/danger-classifier-model/dataset/DOG_BARK_esc50_1871.wav,20,DOG_BARK,ESC-50,1871,2.0
DOG_BARK_esc50_1832.wav,/workspaces/danger-classifier-model/dataset/DOG_BARK_esc50_1832.wav,20,DOG_BARK,ESC-50,1832,2.0
DOG_BARK_esc50_392.wav,/workspaces/danger-classifier-model/dataset/DOG_BARK_esc50_392.wav,20,DOG_BARK,ESC-50,392,2.0
DOG_BARK_esc50_1431.wav,/workspaces/danger-classifier-model/dataset/DOG_BARK_esc50_1431.wav,20,DOG_BARK,ESC-50,1431,2.0
DOG_BARK_esc50_296.wav,/workspaces/danger-classifier-model/dataset/DOG_BARK_esc50_296.wav,20,DOG_BARK,ESC-50,296,3.0
DOG_BARK_esc50_521.wav,/workspaces/danger-classifier-model/dataset/DOG_BARK_esc50_521.wav,20,DOG_BARK,ESC-50,521,3.0
DOG_BARK_esc50_0.wav,/workspaces/danger-classifier-model/dataset/DOG_BARK_esc50_0.wav,20,DOG_BARK,ESC-50,0,3.0
DOG_BARK_esc50_923.wav,/workspaces/danger-classifier-model/dataset/DOG_BARK_esc50_923.wav,20,DOG_BARK,ESC-50,923,3.0
DOG_BARK_esc50_1435.wav,/workspaces/danger-classifier-model/dataset/DOG_BARK_esc50_1435.wav,20,DOG_BARK,ESC-50,1435,4.0
DOG_BARK_esc50_1055.wav,/workspaces/danger-classifier-model/dataset/DOG_BARK_esc50_1055.wav,20,DOG_BARK,ESC-50,1055,4.0
DOG_BARK_esc50_1490.wav,/workspaces/danger-classifier-model/dataset/DOG_BARK_esc50_1490.wav,20,DOG_BARK,ESC-50,1490,4.0
DOG_BARK_esc50_14.wav,/workspaces/danger-classifier-model/dataset/DOG_BARK_esc50_14.wav,20,DOG_BARK,ESC-50,14,4.0
DOG_BARK_esc50_1097.wav,/workspaces/danger-classifier-model/dataset/DOG_BARK_esc50_1097.wav,20,DOG_BARK,ESC-50,1097,5.0
DOG_BARK_esc50_1800.wav,/workspaces/danger-classifier-model/dataset/DOG_BARK_esc50_1800.wav,20,DOG_BARK,ESC-50,1800,5.0
DOG_BARK_esc50_522.wav,/workspaces/danger-classifier-model/dataset/DOG_BARK_esc50_522.wav,20,DOG_BARK,ESC-50,522,5.0
DOG_BARK_esc50_1999.wav,/workspaces/danger-classifier-model/dataset/DOG_BARK_esc50_1999.wav,20,DOG_BARK,ESC-50,1999,5.0
DOG_BARK_esc50_1116.wav,/workspaces/danger-classifier-model/dataset/DOG_BARK_esc50_1116.wav,20,DOG_BARK,ESC-50,1116,6.0
DOG_BARK_esc50_478.wav,/workspaces/danger-classifier-model/dataset/DOG_BARK_esc50_478.wav,20,DOG_BARK,ESC-50,478,6.0
DOG_BARK_esc50_484.wav,/workspaces/danger-classifier-model/dataset/DOG_BARK_esc50_484.wav,20,DOG_BARK,ESC-50,484,6.0
DOG_BARK_esc50_954.wav,/workspaces/danger-classifier-model/dataset/DOG_BARK_esc50_954.wav,20,DOG_BARK,ESC-50,954,6.0
DOG_BARK_esc50_503.wav,/workspaces/danger-classifier-model/dataset/DOG_BARK_esc50_503.wav,20,DOG_BARK,ESC-50,503,7.0
DOG_BARK_esc50_1482.wav,/workspaces/danger-classifier-model/dataset/DOG_BARK_esc50_1482.wav,20,DOG_BARK,ESC-50,1482,7.0
DOG_BARK_esc50_1031.wav,/workspaces/danger-classifier-model/dataset/DOG_BARK_esc50_1031.wav,20,DOG_BARK,ESC-50,1031,7.0
DOG_BARK_esc50_479.wav,/workspaces/danger-classifier-model/dataset/DOG_BARK_esc50_479.wav,20,DOG_BARK,ESC-50,479,7.0
DOG_BARK_esc50_1811.wav,/workspaces/danger-classifier-model/dataset/DOG_BARK_esc50_1811.wav,20,DOG_BARK,ESC-50,1811,8.0
DOG_BARK_esc50_1761.wav,/workspaces/danger-classifier-model/dataset/DOG_BARK_esc50_1761.wav,20,DOG_BARK,ESC-50,1761,8.0
DOG_BARK_esc50_1117.wav,/workspaces/danger-classifier-model/dataset/DOG_BARK_esc50_1117.wav,20,DOG_BARK,ESC-50,1117,8.0
DOG_BARK_esc50_1540.wav,/workspaces/danger-classifier-model/dataset/DOG_BARK_esc50_1540.wav,20,DOG_BARK,ESC-50,1540,8.0
DOG_BARK_esc50_375.wav,/workspaces/danger-classifier-model/dataset/DOG_BARK_esc50_375.wav,20,DOG_BARK,ESC-50,375,9.0
DOG_BARK_esc50_1423.wav,/workspaces/danger-classifier-model/dataset/DOG_BARK_esc50_1423.wav,20,DOG_BARK,ESC-50,1423,9.0
DOG_BARK_esc50_1484.wav,/workspaces/danger-classifier-model/dataset/DOG_BARK_esc50_1484.wav,20,DOG_BARK,ESC-50,1484,9.0
DOG_BARK_esc50_482.wav,/workspaces/danger-classifier-model/dataset/DOG_BARK_esc50_482.wav,20,DOG_BARK,ESC-50,482,9.0
DOOR_KNOCK_esc50_1942.wav,/workspaces/danger-classifier-model/dataset/DOOR_KNOCK_esc50_1942.wav,19,DOOR_KNOCK,ESC-50,1942,0.0
DOOR_KNOCK_esc50_362.wav,/workspaces/danger-classifier-model/dataset/DOOR_KNOCK_esc50_362.wav,19,DOOR_KNOCK,ESC-50,362,0.0
DOOR_KNOCK_esc50_1548.wav,/workspaces/danger-classifier-model/dataset/DOOR_KNOCK_esc50_1548.wav,19,DOOR_KNOCK,ESC-50,1548,0.0
DOOR_KNOCK_esc50_363.wav,/workspaces/danger-classifier-model/dataset/DOOR_KNOCK_esc50_363.wav,19,DOOR_KNOCK,ESC-50,363,0.0
DOOR_KNOCK_esc50_1586.wav,/workspaces/danger-classifier-model/dataset/DOOR_KNOCK_esc50_1586.wav,19,DOOR_KNOCK,ESC-50,1586,1.0
DOOR_KNOCK_esc50_1017.wav,/workspaces/danger-classifier-model/dataset/DOOR_KNOCK_esc50_1017.wav,19,DOOR_KNOCK,ESC-50,1017,1.0
DOOR_KNOCK_esc50_553.wav,/workspaces/danger-classifier-model/dataset/DOOR_KNOCK_esc50_553.wav,19,DOOR_KNOCK,ESC-50,553,1.0
DOOR_KNOCK_esc50_139.wav,/workspaces/danger-classifier-model/dataset/DOOR_KNOCK_esc50_139.wav,19,DOOR_KNOCK,ESC-50,139,1.0
DOOR_KNOCK_esc50_1416.wav,/workspaces/danger-classifier-model/dataset/DOOR_KNOCK_esc50_1416.wav,19,DOOR_KNOCK,ESC-50,1416,2.0
DOOR_KNOCK_esc50_1418.wav,/workspaces/danger-classifier-model/dataset/DOOR_KNOCK_esc50_1418.wav,19,DOOR_KNOCK,ESC-50,1418,2.0
DOOR_KNOCK_esc50_511.wav,/workspaces/danger-classifier-model/dataset/DOOR_KNOCK_esc50_511.wav,19,DOOR_KNOCK,ESC-50,511,2.0
DOOR_KNOCK_esc50_261.wav,/workspaces/danger-classifier-model/dataset/DOOR_KNOCK_esc50_261.wav,19,DOOR_KNOCK,ESC-50,261,2.0
DOOR_KNOCK_esc50_1840.wav,/workspaces/danger-classifier-model/dataset/DOOR_KNOCK_esc50_1840.wav,19,DOOR_KNOCK,ESC-50,1840,3.0
DOOR_KNOCK_esc50_1121.wav,/workspaces/danger-classifier-model/dataset/DOOR_KNOCK_esc50_1121.wav,19,DOOR_KNOCK,ESC-50,1121,3.0
DOOR_KNOCK_esc50_1947.wav,/workspaces/danger-classifier-model/dataset/DOOR_KNOCK_esc50_1947.wav,19,DOOR_KNOCK,ESC-50,1947,3.0
DOOR_KNOCK_esc50_1893.wav,/workspaces/danger-classifier-model/dataset/DOOR_KNOCK_esc50_1893.wav,19,DOOR_KNOCK,ESC-50,1893,3.0
DOOR_KNOCK_esc50_6.wav,/workspaces/danger-classifier-model/dataset/DOOR_KNOCK_esc50_6.wav,19,DOOR_KNOCK,ESC-50,6,4.0
DOOR_KNOCK_esc50_1417.wav,/workspaces/danger-classifier-model/dataset/DOOR_KNOCK_esc50_1417.wav,19,DOOR_KNOCK,ESC-50,1417,4.0
DOOR_KNOCK_esc50_550.wav,/workspaces/danger-classifier-model/dataset/DOOR_KNOCK_esc50_550.wav,19,DOOR_KNOCK,ESC-50,550,4.0
DOOR_KNOCK_esc50_566.wav,/workspaces/danger-classifier-model/dataset/DOOR_KNOCK_esc50_566.wav,19,DOOR_KNOCK,ESC-50,566,4.0
DOOR_KNOCK_esc50_1101.wav,/workspaces/danger-classifier-model/dataset/DOOR_KNOCK_esc50_1101.wav,19,DOOR_KNOCK,ESC-50,1101,5.0
DOOR_KNOCK_esc50_10.wav,/workspaces/danger-classifier-model/dataset/DOOR_KNOCK_esc50_10.wav,19,DOOR_KNOCK,ESC-50,10,5.0
DOOR_KNOCK_esc50_1839.wav,/workspaces/danger-classifier-model/dataset/DOOR_KNOCK_esc50_1839.wav,19,DOOR_KNOCK,ESC-50,1839,5.0
DOOR_KNOCK_esc50_1468.wav,/workspaces/danger-classifier-model/dataset/DOOR_KNOCK_esc50_1468.wav,19,DOOR_KNOCK,ESC-50,1468,5.0
DOOR_KNOCK_esc50_1115.wav,/workspaces/danger-classifier-model/dataset/DOOR_KNOCK_esc50_1115.wav,19,DOOR_KNOCK,ESC-50,1115,6.0
DOOR_KNOCK_esc50_961.wav,/workspaces/danger-classifier-model/dataset/DOOR_KNOCK_esc50_961.wav,19,DOOR_KNOCK,ESC-50,961,6.0
DOOR_KNOCK_esc50_367.wav,/workspaces/danger-classifier-model/dataset/DOOR_KNOCK_esc50_367.wav,19,DOOR_KNOCK,ESC-50,367,6.0
DOOR_KNOCK_esc50_1449.wav,/workspaces/danger-classifier-model/dataset/DOOR_KNOCK_esc50_1449.wav,19,DOOR_KNOCK,ESC-50,1449,6.0
DOOR_KNOCK_esc50_1948.wav,/workspaces/danger-classifier-model/dataset/DOOR_KNOCK_esc50_1948.wav,19,DOOR_KNOCK,ESC-50,1948,7.0
DOOR_KNOCK_esc50_1969.wav,/workspaces/danger-classifier-model/dataset/DOOR_KNOCK_esc50_1969.wav,19,DOOR_KNOCK,ESC-50,1969,7.0
DOOR_KNOCK_esc50_1442.wav,/workspaces/danger-classifier-model/dataset/DOOR_KNOCK_esc50_1442.wav,19,DOOR_KNOCK,ESC-50,1442,7.0
DOOR_KNOCK_esc50_998.wav,/workspaces/danger-classifier-model/dataset/DOOR_KNOCK_esc50_998.wav,19,DOOR_KNOCK,ESC-50,998,7.0
DOOR_KNOCK_esc50_501.wav,/workspaces/danger-classifier-model/dataset/DOOR_KNOCK_esc50_501.wav,19,DOOR_KNOCK,ESC-50,501,8.0
DOOR_KNOCK_esc50_1022.wav,/workspaces/danger-classifier-model/dataset/DOOR_KNOCK_esc50_1022.wav,19,DOOR_KNOCK,ESC-50,1022,8.0
DOOR_KNOCK_esc50_1943.wav,/workspaces/danger-classifier-model/dataset/DOOR_KNOCK_esc50_1943.wav,19,DOOR_KNOCK,ESC-50,1943,8.0
DOOR_KNOCK_esc50_9.wav,/workspaces/danger-classifier-model/dataset/DOOR_KNOCK_esc50_9.wav,19,DOOR_KNOCK,ESC-50,9,8.0
DOOR_KNOCK_esc50_510.wav,/workspaces/danger-classifier-model/dataset/DOOR_KNOCK_esc50_510.wav,19,DOOR_KNOCK,ESC-50,510,9.0
DOOR_KNOCK_esc50_500.wav,/workspaces/danger-classifier-model/dataset/DOOR_KNOCK_esc50_500.wav,19,DOOR_KNOCK,ESC-50,500,9.0
DOOR_KNOCK_esc50_477.wav,/workspaces/danger-classifier-model/dataset/DOOR_KNOCK_esc50_477.wav,19,DOOR_KNOCK,ESC-50,477,9.0
DOOR_KNOCK_esc50_1120.wav,/workspaces/danger-classifier-model/dataset/DOOR_KNOCK_esc50_1120.wav,19,DOOR_KNOCK,ESC-50,1120,9.0
FIRE_esc50_877.wav,/workspaces/danger-classifier-model/dataset/FIRE_esc50_877.wav,17,FIRE,ESC-50,877,0.0
FIRE_esc50_1406.wav,/workspaces/danger-classifier-model/dataset/FIRE_esc50_1406.wav,17,FIRE,ESC-50,1406,0.0
FIRE_esc50_982.wav,/workspaces/danger-classifier-model/dataset/FIRE_esc50_982.wav,17,FIRE,ESC-50,982,0.0
FIRE_esc50_1051.wav,/workspaces/danger-classifier-model/dataset/FIRE_esc50_1051.wav,17,FIRE,ESC-50,1051,0.0
FIRE_esc50_1823.wav,/workspaces/danger-classifier-model/dataset/FIRE_esc50_1823.wav,17,FIRE,ESC-50,1823,1.0
FIRE_esc50_1422.wav,/workspaces/danger-classifier-model/dataset/FIRE_esc50_1422.wav,17,FIRE,ESC-50,1422,1.0
FIRE_esc50_330.wav,/workspaces/danger-classifier-model/dataset/FIRE_esc50_330.wav,17,FIRE,ESC-50,330,1.0
FIRE_esc50_601.wav,/workspaces/danger-classifier-model/dataset/FIRE_esc50_601.wav,17,FIRE,ESC-50,601,1.0
FIRE_esc50_681.wav,/workspaces/danger-classifier-model/dataset/FIRE_esc50_681.wav,17,FIRE,ESC-50,681,2.0
FIRE_esc50_623.wav,/workspaces/danger-classifier-model/dataset/FIRE_esc50_623.wav,17,FIRE,ESC-50,623,2.0
FIRE_esc50_217.wav,/workspaces/danger-classifier-model/dataset/FIRE_esc50_217.wav,17,FIRE,ESC-50,217,2.0
FIRE_esc50_1355.wav,/workspaces/danger-classifier-model/dataset/FIRE_esc50_1355.wav,17,FIRE,ESC-50,1355,2.0
FIRE_esc50_1702.wav,/workspaces/danger-classifier-model/dataset/FIRE_esc50_1702.wav,17,FIRE,ESC-50,1702,3.0
FIRE_esc50_67.wav,/workspaces/danger-classifier-model/dataset/FIRE_esc50_67.wav,17,FIRE,ESC-50,67,3.0
FIRE_esc50_1421.wav,/workspaces/danger-classifier-model/dataset/FIRE_esc50_1421.wav,17,FIRE,ESC-50,1421,3.0
FIRE_esc50_824.wav,/workspaces/danger-classifier-model/dataset/FIRE_esc50_824.wav,17,FIRE,ESC-50,824,3.0
FIRE_esc50_1703.wav,/workspaces/danger-classifier-model/dataset/FIRE_esc50_1703.wav,17,FIRE,ESC-50,1703,4.0
FIRE_esc50_1169.wav,/workspaces/danger-classifier-model/dataset/FIRE_esc50_1169.wav,17,FIRE,ESC-50,1169,4.0
FIRE_esc50_1806.wav,/workspaces/danger-classifier-model/dataset/FIRE_esc50_1806.wav,17,FIRE,ESC-50,1806,4.0
FIRE_esc50_1323.wav,/workspaces/danger-classifier-model/dataset/FIRE_esc50_1323.wav,17,FIRE,ESC-50,1323,4.0
FIRE_esc50_1696.wav,/workspaces/danger-classifier-model/dataset/FIRE_esc50_1696.wav,17,FIRE,ESC-50,1696,5.0
FIRE_esc50_1058.wav,/workspaces/danger-classifier-model/dataset/FIRE_esc50_1058.wav,17,FIRE,ESC-50,1058,5.0
FIRE_esc50_1824.wav,/workspaces/danger-classifier-model/dataset/FIRE_esc50_1824.wav,17,FIRE,ESC-50,1824,5.0
FIRE_esc50_821.wav,/workspaces/danger-classifier-model/dataset/FIRE_esc50_821.wav,17,FIRE,ESC-50,821,5.0
FIRE_esc50_622.wav,/workspaces/danger-classifier-model/dataset/FIRE_esc50_622.wav,17,FIRE,ESC-50,622,6.0
FIRE_esc50_621.wav,/workspaces/danger-classifier-model/dataset/FIRE_esc50_621.wav,17,FIRE,ESC-50,621,6.0
FIRE_esc50_1695.wav,/workspaces/danger-classifier-model/dataset/FIRE_esc50_1695.wav,17,FIRE,ESC-50,1695,6.0
FIRE_esc50_65.wav,/workspaces/danger-classifier-model/dataset/FIRE_esc50_65.wav,17,FIRE,ESC-50,65,6.0
FIRE_esc50_1356.wav,/workspaces/danger-classifier-model/dataset/FIRE_esc50_1356.wav,17,FIRE,ESC-50,1356,7.0
FIRE_esc50_204.wav,/workspaces/danger-classifier-model/dataset/FIRE_esc50_204.wav,17,FIRE,ESC-50,204,7.0
FIRE_esc50_972.wav,/workspaces/danger-classifier-model/dataset/FIRE_esc50_972.wav,17,FIRE,ESC-50,972,7.0
FIRE_esc50_674.wav,/workspaces/danger-classifier-model/dataset/FIRE_esc50_674.wav,17,FIRE,ESC-50,674,7.0
FIRE_esc50_63.wav,/workspaces/danger-classifier-model/dataset/FIRE_esc50_63.wav,17,FIRE,ESC-50,63,8.0
FIRE_esc50_1683.wav,/workspaces/danger-classifier-model/dataset/FIRE_esc50_1683.wav,17,FIRE,ESC-50,1683,8.0
FIRE_esc50_54.wav,/workspaces/danger-classifier-model/dataset/FIRE_esc50_54.wav,17,FIRE,ESC-50,54,8.0
FIRE_esc50_1354.wav,/workspaces/danger-classifier-model/dataset/FIRE_esc50_1354.wav,17,FIRE,ESC-50,1354,8.0
FIRE_esc50_1324.wav,/workspaces/danger-classifier-model/dataset/FIRE_esc50_1324.wav,17,FIRE,ESC-50,1324,9.0
FIRE_esc50_600.wav,/workspaces/danger-classifier-model/dataset/FIRE_esc50_600.wav,17,FIRE,ESC-50,600,9.0
FIRE_esc50_66.wav,/workspaces/danger-classifier-model/dataset/FIRE_esc50_66.wav,17,FIRE,ESC-50,66,9.0
FIRE_esc50_620.wav,/workspaces/danger-classifier-model/dataset/FIRE_esc50_620.wav,17,FIRE,ESC-50,620,9.0
FIRE_WORKS_esc50_1213.wav,/workspaces/danger-classifier-model/dataset/FIRE_WORKS_esc50_1213.wav,10,FIRE_WORKS,ESC-50,1213,0.0
FIRE_WORKS_esc50_1108.wav,/workspaces/danger-classifier-model/dataset/FIRE_WORKS_esc50_1108.wav,10,FIRE_WORKS,ESC-50,1108,0.0
FIRE_WORKS_esc50_1632.wav,/workspaces/danger-classifier-model/dataset/FIRE_WORKS_esc50_1632.wav,10,FIRE_WORKS,ESC-50,1632,0.0
FIRE_WORKS_esc50_487.wav,/workspaces/danger-classifier-model/dataset/FIRE_WORKS_esc50_487.wav,10,FIRE_WORKS,ESC-50,487,0.0
FIRE_WORKS_esc50_1637.wav,/workspaces/danger-classifier-model/dataset/FIRE_WORKS_esc50_1637.wav,10,FIRE_WORKS,ESC-50,1637,1.0
FIRE_WORKS_esc50_18.wav,/workspaces/danger-classifier-model/dataset/FIRE_WORKS_esc50_18.wav,10,FIRE_WORKS,ESC-50,18,1.0
FIRE_WORKS_esc50_486.wav,/workspaces/danger-classifier-model/dataset/FIRE_WORKS_esc50_486.wav,10,FIRE_WORKS,ESC-50,486,1.0
FIRE_WORKS_esc50_872.wav,/workspaces/danger-classifier-model/dataset/FIRE_WORKS_esc50_872.wav,10,FIRE_WORKS,ESC-50,872,1.0
FIRE_WORKS_esc50_20.wav,/workspaces/danger-classifier-model/dataset/FIRE_WORKS_esc50_20.wav,10,FIRE_WORKS,ESC-50,20,2.0
FIRE_WORKS_esc50_19.wav,/workspaces/danger-classifier-model/dataset/FIRE_WORKS_esc50_19.wav,10,FIRE_WORKS,ESC-50,19,2.0
FIRE_WORKS_esc50_489.wav,/workspaces/danger-classifier-model/dataset/FIRE_WORKS_esc50_489.wav,10,FIRE_WORKS,ESC-50,489,2.0
FIRE_WORKS_esc50_1216.wav,/workspaces/danger-classifier-model/dataset/FIRE_WORKS_esc50_1216.wav,10,FIRE_WORKS,ESC-50,1216,2.0
FIRE_WORKS_esc50_17.wav,/workspaces/danger-classifier-model/dataset/FIRE_WORKS_esc50_17.wav,10,FIRE_WORKS,ESC-50,17,3.0
FIRE_WORKS_esc50_590.wav,/workspaces/danger-classifier-model/dataset/FIRE_WORKS_esc50_590.wav,10,FIRE_WORKS,ESC-50,590,3.0
FIRE_WORKS_esc50_1215.wav,/workspaces/danger-classifier-model/dataset/FIRE_WORKS_esc50_1215.wav,10,FIRE_WORKS,ESC-50,1215,3.0
FIRE_WORKS_esc50_1635.wav,/workspaces/danger-classifier-model/dataset/FIRE_WORKS_esc50_1635.wav,10,FIRE_WORKS,ESC-50,1635,3.0
FIRE_WORKS_esc50_488.wav,/workspaces/danger-classifier-model/dataset/FIRE_WORKS_esc50_488.wav,10,FIRE_WORKS,ESC-50,488,4.0
FIRE_WORKS_esc50_1214.wav,/workspaces/danger-classifier-model/dataset/FIRE_WORKS_esc50_1214.wav,10,FIRE_WORKS,ESC-50,1214,4.0
FIRE_WORKS_esc50_871.wav,/workspaces/danger-classifier-model/dataset/FIRE_WORKS_esc50_871.wav,10,FIRE_WORKS,ESC-50,871,4.0
FIRE_WORKS_esc50_47.wav,/workspaces/danger-classifier-model/dataset/FIRE_WORKS_esc50_47.wav,10,FIRE_WORKS,ESC-50,47,4.0
FIRE_WORKS_esc50_132.wav,/workspaces/danger-classifier-model/dataset/FIRE_WORKS_esc50_132.wav,10,FIRE_WORKS,ESC-50,132,5.0
FIRE_WORKS_esc50_1633.wav,/workspaces/danger-classifier-model/dataset/FIRE_WORKS_esc50_1633.wav,10,FIRE_WORKS,ESC-50,1633,5.0
FIRE_WORKS_esc50_870.wav,/workspaces/danger-classifier-model/dataset/FIRE_WORKS_esc50_870.wav,10,FIRE_WORKS,ESC-50,870,5.0
FIRE_WORKS_esc50_1219.wav,/workspaces/danger-classifier-model/dataset/FIRE_WORKS_esc50_1219.wav,10,FIRE_WORKS,ESC-50,1219,5.0
FIRE_WORKS_esc50_491.wav,/workspaces/danger-classifier-model/dataset/FIRE_WORKS_esc50_491.wav,10,FIRE_WORKS,ESC-50,491,6.0
FIRE_WORKS_esc50_131.wav,/workspaces/danger-classifier-model/dataset/FIRE_WORKS_esc50_131.wav,10,FIRE_WORKS,ESC-50,131,6.0
FIRE_WORKS_esc50_1634.wav,/workspaces/danger-classifier-model/dataset/FIRE_WORKS_esc50_1634.wav,10,FIRE_WORKS,ESC-50,1634,6.0
FIRE_WORKS_esc50_1218.wav,/workspaces/danger-classifier-model/dataset/FIRE_WORKS_esc50_1218.wav,10,FIRE_WORKS,ESC-50,1218,6.0
FIRE_WORKS_esc50_1217.wav,/workspaces/danger-classifier-model/dataset/FIRE_WORKS_esc50_1217.wav,10,FIRE_WORKS,ESC-50,1217,7.0
FIRE_WORKS_esc50_48.wav,/workspaces/danger-classifier-model/dataset/FIRE_WORKS_esc50_48.wav,10,FIRE_WORKS,ESC-50,48,7.0
FIRE_WORKS_esc50_490.wav,/workspaces/danger-classifier-model/dataset/FIRE_WORKS_esc50_490.wav,10,FIRE_WORKS,ESC-50,490,7.0
FIRE_WORKS_esc50_1212.wav,/workspaces/danger-classifier-model/dataset/FIRE_WORKS_esc50_1212.wav,10,FIRE_WORKS,ESC-50,1212,7.0
FIRE_WORKS_esc50_1631.wav,/workspaces/danger-classifier-model/dataset/FIRE_WORKS_esc50_1631.wav,10,FIRE_WORKS,ESC-50,1631,8.0
FIRE_WORKS_esc50_868.wav,/workspaces/danger-classifier-model/dataset/FIRE_WORKS_esc50_868.wav,10,FIRE_WORKS,ESC-50,868,8.0
FIRE_WORKS_esc50_1636.wav,/workspaces/danger-classifier-model/dataset/FIRE_WORKS_esc50_1636.wav,10,FIRE_WORKS,ESC-50,1636,8.0
FIRE_WORKS_esc50_1638.wav,/workspaces/danger-classifier-model/dataset/FIRE_WORKS_esc50_1638.wav,10,FIRE_WORKS,ESC-50,1638,8.0
FIRE_WORKS_esc50_869.wav,/workspaces/danger-classifier-model/dataset/FIRE_WORKS_esc50_869.wav,10,FIRE_WORKS,ESC-50,869,9.0
FIRE_WORKS_esc50_492.wav,/workspaces/danger-classifier-model/dataset/FIRE_WORKS_esc50_492.wav,10,FIRE_WORKS,ESC-50,492,9.0
FIRE_WORKS_esc50_1152.wav,/workspaces/danger-classifier-model/dataset/FIRE_WORKS_esc50_1152.wav,10,FIRE_WORKS,ESC-50,1152,9.0
FIRE_WORKS_esc50_1109.wav,/workspaces/danger-classifier-model/dataset/FIRE_WORKS_esc50_1109.wav,10,FIRE_WORKS,ESC-50,1109,9.0
FOOTSTEPS_esc50_1512.wav,/workspaces/danger-classifier-model/dataset/FOOTSTEPS_esc50_1512.wav,16,FOOTSTEPS,ESC-50,1512,0.0
FOOTSTEPS_esc50_43.wav,/workspaces/danger-classifier-model/dataset/FOOTSTEPS_esc50_43.wav,16,FOOTSTEPS,ESC-50,43,0.0
FOOTSTEPS_esc50_1184.wav,/workspaces/danger-classifier-model/dataset/FOOTSTEPS_esc50_1184.wav,16,FOOTSTEPS,ESC-50,1184,0.0
FOOTSTEPS_esc50_1493.wav,/workspaces/danger-classifier-model/dataset/FOOTSTEPS_esc50_1493.wav,16,FOOTSTEPS,ESC-50,1493,0.0
FOOTSTEPS_esc50_40.wav,/workspaces/danger-classifier-model/dataset/FOOTSTEPS_esc50_40.wav,16,FOOTSTEPS,ESC-50,40,1.0
FOOTSTEPS_esc50_42.wav,/workspaces/danger-classifier-model/dataset/FOOTSTEPS_esc50_42.wav,16,FOOTSTEPS,ESC-50,42,1.0
FOOTSTEPS_esc50_817.wav,/workspaces/danger-classifier-model/dataset/FOOTSTEPS_esc50_817.wav,16,FOOTSTEPS,ESC-50,817,1.0
FOOTSTEPS_esc50_44.wav,/workspaces/danger-classifier-model/dataset/FOOTSTEPS_esc50_44.wav,16,FOOTSTEPS,ESC-50,44,1.0
FOOTSTEPS_esc50_1185.wav,/workspaces/danger-classifier-model/dataset/FOOTSTEPS_esc50_1185.wav,16,FOOTSTEPS,ESC-50,1185,2.0
FOOTSTEPS_esc50_1927.wav,/workspaces/danger-classifier-model/dataset/FOOTSTEPS_esc50_1927.wav,16,FOOTSTEPS,ESC-50,1927,2.0
FOOTSTEPS_esc50_1569.wav,/workspaces/danger-classifier-model/dataset/FOOTSTEPS_esc50_1569.wav,16,FOOTSTEPS,ESC-50,1569,2.0
FOOTSTEPS_esc50_1513.wav,/workspaces/danger-classifier-model/dataset/FOOTSTEPS_esc50_1513.wav,16,FOOTSTEPS,ESC-50,1513,2.0
FOOTSTEPS_esc50_1151.wav,/workspaces/danger-classifier-model/dataset/FOOTSTEPS_esc50_1151.wav,16,FOOTSTEPS,ESC-50,1151,3.0
FOOTSTEPS_esc50_1991.wav,/workspaces/danger-classifier-model/dataset/FOOTSTEPS_esc50_1991.wav,16,FOOTSTEPS,ESC-50,1991,3.0
FOOTSTEPS_esc50_610.wav,/workspaces/danger-classifier-model/dataset/FOOTSTEPS_esc50_610.wav,16,FOOTSTEPS,ESC-50,610,3.0
FOOTSTEPS_esc50_1210.wav,/workspaces/danger-classifier-model/dataset/FOOTSTEPS_esc50_1210.wav,16,FOOTSTEPS,ESC-50,1210,3.0
FOOTSTEPS_esc50_39.wav,/workspaces/danger-classifier-model/dataset/FOOTSTEPS_esc50_39.wav,16,FOOTSTEPS,ESC-50,39,4.0
FOOTSTEPS_esc50_1887.wav,/workspaces/danger-classifier-model/dataset/FOOTSTEPS_esc50_1887.wav,16,FOOTSTEPS,ESC-50,1887,4.0
FOOTSTEPS_esc50_41.wav,/workspaces/danger-classifier-model/dataset/FOOTSTEPS_esc50_41.wav,16,FOOTSTEPS,ESC-50,41,4.0
FOOTSTEPS_esc50_112.wav,/workspaces/danger-classifier-model/dataset/FOOTSTEPS_esc50_112.wav,16,FOOTSTEPS,ESC-50,112,4.0
FOOTSTEPS_esc50_614.wav,/workspaces/danger-classifier-model/dataset/FOOTSTEPS_esc50_614.wav,16,FOOTSTEPS,ESC-50,614,5.0
FOOTSTEPS_esc50_612.wav,/workspaces/danger-classifier-model/dataset/FOOTSTEPS_esc50_612.wav,16,FOOTSTEPS,ESC-50,612,5.0
FOOTSTEPS_esc50_1990.wav,/workspaces/danger-classifier-model/dataset/FOOTSTEPS_esc50_1990.wav,16,FOOTSTEPS,ESC-50,1990,5.0
FOOTSTEPS_esc50_1211.wav,/workspaces/danger-classifier-model/dataset/FOOTSTEPS_esc50_1211.wav,16,FOOTSTEPS,ESC-50,1211,5.0
FOOTSTEPS_esc50_1492.wav,/workspaces/danger-classifier-model/dataset/FOOTSTEPS_esc50_1492.wav,16,FOOTSTEPS,ESC-50,1492,6.0
FOOTSTEPS_esc50_1989.wav,/workspaces/danger-classifier-model/dataset/FOOTSTEPS_esc50_1989.wav,16,FOOTSTEPS,ESC-50,1989,6.0
FOOTSTEPS_esc50_611.wav,/workspaces/danger-classifier-model/dataset/FOOTSTEPS_esc50_611.wav,16,FOOTSTEPS,ESC-50,611,6.0
FOOTSTEPS_esc50_609.wav,/workspaces/danger-classifier-model/dataset/FOOTSTEPS_esc50_609.wav,16,FOOTSTEPS,ESC-50,609,6.0
FOOTSTEPS_esc50_819.wav,/workspaces/danger-classifier-model/dataset/FOOTSTEPS_esc50_819.wav,16,FOOTSTEPS,ESC-50,819,7.0
FOOTSTEPS_esc50_1186.wav,/workspaces/danger-classifier-model/dataset/FOOTSTEPS_esc50_1186.wav,16,FOOTSTEPS,ESC-50,1186,7.0
FOOTSTEPS_esc50_1570.wav,/workspaces/danger-classifier-model/dataset/FOOTSTEPS_esc50_1570.wav,16,FOOTSTEPS,ESC-50,1570,7.0
FOOTSTEPS_esc50_613.wav,/workspaces/danger-classifier-model/dataset/FOOTSTEPS_esc50_613.wav,16,FOOTSTEPS,ESC-50,613,7.0
FOOTSTEPS_esc50_1915.wav,/workspaces/danger-classifier-model/dataset/FOOTSTEPS_esc50_1915.wav,16,FOOTSTEPS,ESC-50,1915,8.0
FOOTSTEPS_esc50_615.wav,/workspaces/danger-classifier-model/dataset/FOOTSTEPS_esc50_615.wav,16,FOOTSTEPS,ESC-50,615,8.0
FOOTSTEPS_esc50_248.wav,/workspaces/danger-classifier-model/dataset/FOOTSTEPS_esc50_248.wav,16,FOOTSTEPS,ESC-50,248,8.0
FOOTSTEPS_esc50_1885.wav,/workspaces/danger-classifier-model/dataset/FOOTSTEPS_esc50_1885.wav,16,FOOTSTEPS,ESC-50,1885,8.0
FOOTSTEPS_esc50_820.wav,/workspaces/danger-classifier-model/dataset/FOOTSTEPS_esc50_820.wav,16,FOOTSTEPS,ESC-50,820,9.0
FOOTSTEPS_esc50_818.wav,/workspaces/danger-classifier-model/dataset/FOOTSTEPS_esc50_818.wav,16,FOOTSTEPS,ESC-50,818,9.0
FOOTSTEPS_esc50_1997.wav,/workspaces/danger-classifier-model/dataset/FOOTSTEPS_esc50_1997.wav,16,FOOTSTEPS,ESC-50,1997,9.0
FOOTSTEPS_esc50_608.wav,/workspaces/danger-classifier-model/dataset/FOOTSTEPS_esc50_608.wav,16,FOOTSTEPS,ESC-50,608,9.0
GLASS_BREAKING_esc50_381.wav,/workspaces/danger-classifier-model/dataset/GLASS_BREAKING_esc50_381.wav,14,GLASS_BREAKING,ESC-50,381,0.0
GLASS_BREAKING_esc50_1854.wav,/workspaces/danger-classifier-model/dataset/GLASS_BREAKING_esc50_1854.wav,14,GLASS_BREAKING,ESC-50,1854,0.0
GLASS_BREAKING_esc50_1140.wav,/workspaces/danger-classifier-model/dataset/GLASS_BREAKING_esc50_1140.wav,14,GLASS_BREAKING,ESC-50,1140,0.0
GLASS_BREAKING_esc50_476.wav,/workspaces/danger-classifier-model/dataset/GLASS_BREAKING_esc50_476.wav,14,GLASS_BREAKING,ESC-50,476,0.0
GLASS_BREAKING_esc50_1855.wav,/workspaces/danger-classifier-model/dataset/GLASS_BREAKING_esc50_1855.wav,14,GLASS_BREAKING,ESC-50,1855,1.0
GLASS_BREAKING_esc50_1532.wav,/workspaces/danger-classifier-model/dataset/GLASS_BREAKING_esc50_1532.wav,14,GLASS_BREAKING,ESC-50,1532,1.0
GLASS_BREAKING_esc50_567.wav,/workspaces/danger-classifier-model/dataset/GLASS_BREAKING_esc50_567.wav,14,GLASS_BREAKING,ESC-50,567,1.0
GLASS_BREAKING_esc50_369.wav,/workspaces/danger-classifier-model/dataset/GLASS_BREAKING_esc50_369.wav,14,GLASS_BREAKING,ESC-50,369,1.0
GLASS_BREAKING_esc50_1144.wav,/workspaces/danger-classifier-model/dataset/GLASS_BREAKING_esc50_1144.wav,14,GLASS_BREAKING,ESC-50,1144,2.0
GLASS_BREAKING_esc50_1971.wav,/workspaces/danger-classifier-model/dataset/GLASS_BREAKING_esc50_1971.wav,14,GLASS_BREAKING,ESC-50,1971,2.0
GLASS_BREAKING_esc50_594.wav,/workspaces/danger-classifier-model/dataset/GLASS_BREAKING_esc50_594.wav,14,GLASS_BREAKING,ESC-50,594,2.0
GLASS_BREAKING_esc50_1525.wav,/workspaces/danger-classifier-model/dataset/GLASS_BREAKING_esc50_1525.wav,14,GLASS_BREAKING,ESC-50,1525,2.0
GLASS_BREAKING_esc50_1146.wav,/workspaces/danger-classifier-model/dataset/GLASS_BREAKING_esc50_1146.wav,14,GLASS_BREAKING,ESC-50,1146,3.0
GLASS_BREAKING_esc50_616.wav,/workspaces/danger-classifier-model/dataset/GLASS_BREAKING_esc50_616.wav,14,GLASS_BREAKING,ESC-50,616,3.0
GLASS_BREAKING_esc50_1526.wav,/workspaces/danger-classifier-model/dataset/GLASS_BREAKING_esc50_1526.wav,14,GLASS_BREAKING,ESC-50,1526,3.0
GLASS_BREAKING_esc50_1139.wav,/workspaces/danger-classifier-model/dataset/GLASS_BREAKING_esc50_1139.wav,14,GLASS_BREAKING,ESC-50,1139,3.0
GLASS_BREAKING_esc50_1981.wav,/workspaces/danger-classifier-model/dataset/GLASS_BREAKING_esc50_1981.wav,14,GLASS_BREAKING,ESC-50,1981,4.0
GLASS_BREAKING_esc50_393.wav,/workspaces/danger-classifier-model/dataset/GLASS_BREAKING_esc50_393.wav,14,GLASS_BREAKING,ESC-50,393,4.0
GLASS_BREAKING_esc50_95.wav,/workspaces/danger-classifier-model/dataset/GLASS_BREAKING_esc50_95.wav,14,GLASS_BREAKING,ESC-50,95,4.0
GLASS_BREAKING_esc50_374.wav,/workspaces/danger-classifier-model/dataset/GLASS_BREAKING_esc50_374.wav,14,GLASS_BREAKING,ESC-50,374,4.0
GLASS_BREAKING_esc50_371.wav,/workspaces/danger-classifier-model/dataset/GLASS_BREAKING_esc50_371.wav,14,GLASS_BREAKING,ESC-50,371,5.0
GLASS_BREAKING_esc50_442.wav,/workspaces/danger-classifier-model/dataset/GLASS_BREAKING_esc50_442.wav,14,GLASS_BREAKING,ESC-50,442,5.0
GLASS_BREAKING_esc50_1523.wav,/workspaces/danger-classifier-model/dataset/GLASS_BREAKING_esc50_1523.wav,14,GLASS_BREAKING,ESC-50,1523,5.0
GLASS_BREAKING_esc50_1145.wav,/workspaces/danger-classifier-model/dataset/GLASS_BREAKING_esc50_1145.wav,14,GLASS_BREAKING,ESC-50,1145,5.0
GLASS_BREAKING_esc50_1552.wav,/workspaces/danger-classifier-model/dataset/GLASS_BREAKING_esc50_1552.wav,14,GLASS_BREAKING,ESC-50,1552,6.0
GLASS_BREAKING_esc50_1524.wav,/workspaces/danger-classifier-model/dataset/GLASS_BREAKING_esc50_1524.wav,14,GLASS_BREAKING,ESC-50,1524,6.0
GLASS_BREAKING_esc50_1137.wav,/workspaces/danger-classifier-model/dataset/GLASS_BREAKING_esc50_1137.wav,14,GLASS_BREAKING,ESC-50,1137,6.0
GLASS_BREAKING_esc50_596.wav,/workspaces/danger-classifier-model/dataset/GLASS_BREAKING_esc50_596.wav,14,GLASS_BREAKING,ESC-50,596,6.0
GLASS_BREAKING_esc50_1879.wav,/workspaces/danger-classifier-model/dataset/GLASS_BREAKING_esc50_1879.wav,14,GLASS_BREAKING,ESC-50,1879,7.0
GLASS_BREAKING_esc50_1533.wav,/workspaces/danger-classifier-model/dataset/GLASS_BREAKING_esc50_1533.wav,14,GLASS_BREAKING,ESC-50,1533,7.0
GLASS_BREAKING_esc50_475.wav,/workspaces/danger-classifier-model/dataset/GLASS_BREAKING_esc50_475.wav,14,GLASS_BREAKING,ESC-50,475,7.0
GLASS_BREAKING_esc50_595.wav,/workspaces/danger-classifier-model/dataset/GLASS_BREAKING_esc50_595.wav,14,GLASS_BREAKING,ESC-50,595,7.0
GLASS_BREAKING_esc50_1534.wav,/workspaces/danger-classifier-model/dataset/GLASS_BREAKING_esc50_1534.wav,14,GLASS_BREAKING,ESC-50,1534,8.0
GLASS_BREAKING_esc50_373.wav,/workspaces/danger-classifier-model/dataset/GLASS_BREAKING_esc50_373.wav,14,GLASS_BREAKING,ESC-50,373,8.0
GLASS_BREAKING_esc50_370.wav,/workspaces/danger-classifier-model/dataset/GLASS_BREAKING_esc50_370.wav,14,GLASS_BREAKING,ESC-50,370,8.0
GLASS_BREAKING_esc50_1141.wav,/workspaces/danger-classifier-model/dataset/GLASS_BREAKING_esc50_1141.wav,14,GLASS_BREAKING,ESC-50,1141,8.0
GLASS_BREAKING_esc50_1138.wav,/workspaces/danger-classifier-model/dataset/GLASS_BREAKING_esc50_1138.wav,14,GLASS_BREAKING,ESC-50,1138,9.0
GLASS_BREAKING_esc50_1979.wav,/workspaces/danger-classifier-model/dataset/GLASS_BREAKING_esc50_1979.wav,14,GLASS_BREAKING,ESC-50,1979,9.0
GLASS_BREAKING_esc50_1880.wav,/workspaces/danger-classifier-model/dataset/GLASS_BREAKING_esc50_1880.wav,14,GLASS_BREAKING,ESC-50,1880,9.0
GLASS_BREAKING_esc50_1980.wav,/workspaces/danger-classifier-model/dataset/GLASS_BREAKING_esc50_1980.wav,14,GLASS_BREAKING,ESC-50,1980,9.0
RAIN_esc50_943.wav,/workspaces/danger-classifier-model/dataset/RAIN_esc50_943.wav,18,RAIN,ESC-50,943,0.0
RAIN_esc50_711.wav,/workspaces/danger-classifier-model/dataset/RAIN_esc50_711.wav,18,RAIN,ESC-50,711,0.0
RAIN_esc50_1705.wav,/workspaces/danger-classifier-model/dataset/RAIN_esc50_1705.wav,18,RAIN,ESC-50,1705,0.0
RAIN_esc50_1050.wav,/workspaces/danger-classifier-model/dataset/RAIN_esc50_1050.wav,18,RAIN,ESC-50,1050,0.0
RAIN_esc50_1762.wav,/workspaces/danger-classifier-model/dataset/RAIN_esc50_1762.wav,18,RAIN,ESC-50,1762,1.0
RAIN_esc50_107.wav,/workspaces/danger-classifier-model/dataset/RAIN_esc50_107.wav,18,RAIN,ESC-50,107,1.0
RAIN_esc50_952.wav,/workspaces/danger-classifier-model/dataset/RAIN_esc50_952.wav,18,RAIN,ESC-50,952,1.0
RAIN_esc50_1671.wav,/workspaces/danger-classifier-model/dataset/RAIN_esc50_1671.wav,18,RAIN,ESC-50,1671,1.0
RAIN_esc50_942.wav,/workspaces/danger-classifier-model/dataset/RAIN_esc50_942.wav,18,RAIN,ESC-50,942,2.0
RAIN_esc50_710.wav,/workspaces/danger-classifier-model/dataset/RAIN_esc50_710.wav,18,RAIN,ESC-50,710,2.0
RAIN_esc50_1716.wav,/workspaces/danger-classifier-model/dataset/RAIN_esc50_1716.wav,18,RAIN,ESC-50,1716,2.0
RAIN_esc50_62.wav,/workspaces/danger-classifier-model/dataset/RAIN_esc50_62.wav,18,RAIN,ESC-50,62,2.0
RAIN_esc50_1404.wav,/workspaces/danger-classifier-model/dataset/RAIN_esc50_1404.wav,18,RAIN,ESC-50,1404,3.0
RAIN_esc50_152.wav,/workspaces/danger-classifier-model/dataset/RAIN_esc50_152.wav,18,RAIN,ESC-50,152,3.0
RAIN_esc50_749.wav,/workspaces/danger-classifier-model/dataset/RAIN_esc50_749.wav,18,RAIN,ESC-50,749,3.0
RAIN_esc50_1394.wav,/workspaces/danger-classifier-model/dataset/RAIN_esc50_1394.wav,18,RAIN,ESC-50,1394,3.0
RAIN_esc50_493.wav,/workspaces/danger-classifier-model/dataset/RAIN_esc50_493.wav,18,RAIN,ESC-50,493,4.0
RAIN_esc50_402.wav,/workspaces/danger-classifier-model/dataset/RAIN_esc50_402.wav,18,RAIN,ESC-50,402,4.0
RAIN_esc50_1726.wav,/workspaces/danger-classifier-model/dataset/RAIN_esc50_1726.wav,18,RAIN,ESC-50,1726,4.0
RAIN_esc50_140.wav,/workspaces/danger-classifier-model/dataset/RAIN_esc50_140.wav,18,RAIN,ESC-50,140,4.0
RAIN_esc50_741.wav,/workspaces/danger-classifier-model/dataset/RAIN_esc50_741.wav,18,RAIN,ESC-50,741,5.0
RAIN_esc50_1311.wav,/workspaces/danger-classifier-model/dataset/RAIN_esc50_1311.wav,18,RAIN,ESC-50,1311,5.0
RAIN_esc50_713.wav,/workspaces/danger-classifier-model/dataset/RAIN_esc50_713.wav,18,RAIN,ESC-50,713,5.0
RAIN_esc50_937.wav,/workspaces/danger-classifier-model/dataset/RAIN_esc50_937.wav,18,RAIN,ESC-50,937,5.0
RAIN_esc50_281.wav,/workspaces/danger-classifier-model/dataset/RAIN_esc50_281.wav,18,RAIN,ESC-50,281,6.0
RAIN_esc50_1054.wav,/workspaces/danger-classifier-model/dataset/RAIN_esc50_1054.wav,18,RAIN,ESC-50,1054,6.0
RAIN_esc50_276.wav,/workspaces/danger-classifier-model/dataset/RAIN_esc50_276.wav,18,RAIN,ESC-50,276,6.0
RAIN_esc50_913.wav,/workspaces/danger-classifier-model/dataset/RAIN_esc50_913.wav,18,RAIN,ESC-50,913,6.0
RAIN_esc50_770.wav,/workspaces/danger-classifier-model/dataset/RAIN_esc50_770.wav,18,RAIN,ESC-50,770,7.0
RAIN_esc50_1052.wav,/workspaces/danger-classifier-model/dataset/RAIN_esc50_1052.wav,18,RAIN,ESC-50,1052,7.0
RAIN_esc50_1759.wav,/workspaces/danger-classifier-model/dataset/RAIN_esc50_1759.wav,18,RAIN,ESC-50,1759,7.0
RAIN_esc50_1336.wav,/workspaces/danger-classifier-model/dataset/RAIN_esc50_1336.wav,18,RAIN,ESC-50,1336,7.0
RAIN_esc50_238.wav,/workspaces/danger-classifier-model/dataset/RAIN_esc50_238.wav,18,RAIN,ESC-50,238,8.0
RAIN_esc50_1305.wav,/workspaces/danger-classifier-model/dataset/RAIN_esc50_1305.wav,18,RAIN,ESC-50,1305,8.0
RAIN_esc50_1298.wav,/workspaces/danger-classifier-model/dataset/RAIN_esc50_1298.wav,18,RAIN,ESC-50,1298,8.0
RAIN_esc50_313.wav,/workspaces/danger-classifier-model/dataset/RAIN_esc50_313.wav,18,RAIN,ESC-50,313,8.0
RAIN_esc50_1401.wav,/workspaces/danger-classifier-model/dataset/RAIN_esc50_1401.wav,18,RAIN,ESC-50,1401,9.0
RAIN_esc50_1701.wav,/workspaces/danger-classifier-model/dataset/RAIN_esc50_1701.wav,18,RAIN,ESC-50,1701,9.0
RAIN_esc50_1691.wav,/workspaces/danger-classifier-model/dataset/RAIN_esc50_1691.wav,18,RAIN,ESC-50,1691,9.0
RAIN_esc50_1321.wav,/workspaces/danger-classifier-model/dataset/RAIN_esc50_1321.wav,18,RAIN,ESC-50,1321,9.0
SIREN_esc50_345.wav,/workspaces/danger-classifier-model/dataset/SIREN_esc50_345.wav,1,SIREN,ESC-50,345,0.0
SIREN_esc50_1208.wav,/workspaces/danger-classifier-model/dataset/SIREN_esc50_1208.wav,1,SIREN,ESC-50,1208,0.0
SIREN_esc50_1606.wav,/workspaces/danger-classifier-model/dataset/SIREN_esc50_1606.wav,1,SIREN,ESC-50,1606,0.0
SIREN_esc50_1607.wav,/workspaces/danger-classifier-model/dataset/SIREN_esc50_1607.wav,1,SIREN,ESC-50,1607,0.0
SIREN_esc50_1593.wav,/workspaces/danger-classifier-model/dataset/SIREN_esc50_1593.wav,1,SIREN,ESC-50,1593,1.0
SIREN_esc50_1203.wav,/workspaces/danger-classifier-model/dataset/SIREN_esc50_1203.wav,1,SIREN,ESC-50,1203,1.0
SIREN_esc50_1630.wav,/workspaces/danger-classifier-model/dataset/SIREN_esc50_1630.wav,1,SIREN,ESC-50,1630,1.0
SIREN_esc50_1222.wav,/workspaces/danger-classifier-model/dataset/SIREN_esc50_1222.wav,1,SIREN,ESC-50,1222,1.0
SIREN_esc50_1165.wav,/workspaces/danger-classifier-model/dataset/SIREN_esc50_1165.wav,1,SIREN,ESC-50,1165,2.0
SIREN_esc50_1677.wav,/workspaces/danger-classifier-model/dataset/SIREN_esc50_1677.wav,1,SIREN,ESC-50,1677,2.0
SIREN_esc50_165.wav,/workspaces/danger-classifier-model/dataset/SIREN_esc50_165.wav,1,SIREN,ESC-50,165,2.0
SIREN_esc50_1590.wav,/workspaces/danger-classifier-model/dataset/SIREN_esc50_1590.wav,1,SIREN,ESC-50,1590,2.0
SIREN_esc50_1209.wav,/workspaces/danger-classifier-model/dataset/SIREN_esc50_1209.wav,1,SIREN,ESC-50,1209,3.0
SIREN_esc50_1612.wav,/workspaces/danger-classifier-model/dataset/SIREN_esc50_1612.wav,1,SIREN,ESC-50,1612,3.0
SIREN_esc50_642.wav,/workspaces/danger-classifier-model/dataset/SIREN_esc50_642.wav,1,SIREN,ESC-50,642,3.0
SIREN_esc50_1616.wav,/workspaces/danger-classifier-model/dataset/SIREN_esc50_1616.wav,1,SIREN,ESC-50,1616,3.0
SIREN_esc50_1168.wav,/workspaces/danger-classifier-model/dataset/SIREN_esc50_1168.wav,1,SIREN,ESC-50,1168,4.0
SIREN_esc50_1167.wav,/workspaces/danger-classifier-model/dataset/SIREN_esc50_1167.wav,1,SIREN,ESC-50,1167,4.0
SIREN_esc50_344.wav,/workspaces/danger-classifier-model/dataset/SIREN_esc50_344.wav,1,SIREN,ESC-50,344,4.0
SIREN_esc50_346.wav,/workspaces/danger-classifier-model/dataset/SIREN_esc50_346.wav,1,SIREN,ESC-50,346,4.0
SIREN_esc50_1163.wav,/workspaces/danger-classifier-model/dataset/SIREN_esc50_1163.wav,1,SIREN,ESC-50,1163,5.0
SIREN_esc50_700.wav,/workspaces/danger-classifier-model/dataset/SIREN_esc50_700.wav,1,SIREN,ESC-50,700,5.0
SIREN_esc50_1608.wav,/workspaces/danger-classifier-model/dataset/SIREN_esc50_1608.wav,1,SIREN,ESC-50,1608,5.0
SIREN_esc50_166.wav,/workspaces/danger-classifier-model/dataset/SIREN_esc50_166.wav,1,SIREN,ESC-50,166,5.0
SIREN_esc50_1162.wav,/workspaces/danger-classifier-model/dataset/SIREN_esc50_1162.wav,1,SIREN,ESC-50,1162,6.0
SIREN_esc50_1613.wav,/workspaces/danger-classifier-model/dataset/SIREN_esc50_1613.wav,1,SIREN,ESC-50,1613,6.0
SIREN_esc50_694.wav,/workspaces/danger-classifier-model/dataset/SIREN_esc50_694.wav,1,SIREN,ESC-50,694,6.0
SIREN_esc50_693.wav,/workspaces/danger-classifier-model/dataset/SIREN_esc50_693.wav,1,SIREN,ESC-50,693,6.0
SIREN_esc50_1164.wav,/workspaces/danger-classifier-model/dataset/SIREN_esc50_1164.wav,1,SIREN,ESC-50,1164,7.0
SIREN_esc50_699.wav,/workspaces/danger-classifier-model/dataset/SIREN_esc50_699.wav,1,SIREN,ESC-50,699,7.0
SIREN_esc50_701.wav,/workspaces/danger-classifier-model/dataset/SIREN_esc50_701.wav,1,SIREN,ESC-50,701,7.0
SIREN_esc50_348.wav,/workspaces/danger-classifier-model/dataset/SIREN_esc50_348.wav,1,SIREN,ESC-50,348,7.0
SIREN_esc50_1592.wav,/workspaces/danger-classifier-model/dataset/SIREN_esc50_1592.wav,1,SIREN,ESC-50,1592,8.0
SIREN_esc50_1161.wav,/workspaces/danger-classifier-model/dataset/SIREN_esc50_1161.wav,1,SIREN,ESC-50,1161,8.0
SIREN_esc50_1591.wav,/workspaces/danger-classifier-model/dataset/SIREN_esc50_1591.wav,1,SIREN,ESC-50,1591,8.0
SIREN_esc50_709.wav,/workspaces/danger-classifier-model/dataset/SIREN_esc50_709.wav,1,SIREN,ESC-50,709,8.0
SIREN_esc50_1166.wav,/workspaces/danger-classifier-model/dataset/SIREN_esc50_1166.wav,1,SIREN,ESC-50,1166,9.0
SIREN_esc50_347.wav,/workspaces/danger-classifier-model/dataset/SIREN_esc50_347.wav,1,SIREN,ESC-50,347,9.0
SIREN_esc50_270.wav,/workspaces/danger-classifier-model/dataset/SIREN_esc50_270.wav,1,SIREN,ESC-50,270,9.0
SIREN_esc50_641.wav,/workspaces/danger-classifier-model/dataset/SIREN_esc50_641.wav,1,SIREN,ESC-50,641,9.0
THUNDER_STORM_esc50_1287.wav,/workspaces/danger-classifier-model/dataset/THUNDER_STORM_esc50_1287.wav,8,THUNDER_STORM,ESC-50,1287,0.0
THUNDER_STORM_esc50_1626.wav,/workspaces/danger-classifier-model/dataset/THUNDER_STORM_esc50_1626.wav,8,THUNDER_STORM,ESC-50,1626,0.0
THUNDER_STORM_esc50_636.wav,/workspaces/danger-classifier-model/dataset/THUNDER_STORM_esc50_636.wav,8,THUNDER_STORM,ESC-50,636,0.0
THUNDER_STORM_esc50_16.wav,/workspaces/danger-classifier-model/dataset/THUNDER_STORM_esc50_16.wav,8,THUNDER_STORM,ESC-50,16,0.0
THUNDER_STORM_esc50_119.wav,/workspaces/danger-classifier-model/dataset/THUNDER_STORM_esc50_119.wav,8,THUNDER_STORM,ESC-50,119,1.0
THUNDER_STORM_esc50_635.wav,/workspaces/danger-classifier-model/dataset/THUNDER_STORM_esc50_635.wav,8,THUNDER_STORM,ESC-50,635,1.0
THUNDER_STORM_esc50_4.wav,/workspaces/danger-classifier-model/dataset/THUNDER_STORM_esc50_4.wav,8,THUNDER_STORM,ESC-50,4,1.0
THUNDER_STORM_esc50_1715.wav,/workspaces/danger-classifier-model/dataset/THUNDER_STORM_esc50_1715.wav,8,THUNDER_STORM,ESC-50,1715,1.0
THUNDER_STORM_esc50_1625.wav,/workspaces/danger-classifier-model/dataset/THUNDER_STORM_esc50_1625.wav,8,THUNDER_STORM,ESC-50,1625,2.0
THUNDER_STORM_esc50_1623.wav,/workspaces/danger-classifier-model/dataset/THUNDER_STORM_esc50_1623.wav,8,THUNDER_STORM,ESC-50,1623,2.0
THUNDER_STORM_esc50_120.wav,/workspaces/danger-classifier-model/dataset/THUNDER_STORM_esc50_120.wav,8,THUNDER_STORM,ESC-50,120,2.0
THUNDER_STORM_esc50_1224.wav,/workspaces/danger-classifier-model/dataset/THUNDER_STORM_esc50_1224.wav,8,THUNDER_STORM,ESC-50,1224,2.0
THUNDER_STORM_esc50_1624.wav,/workspaces/danger-classifier-model/dataset/THUNDER_STORM_esc50_1624.wav,8,THUNDER_STORM,ESC-50,1624,3.0
THUNDER_STORM_esc50_812.wav,/workspaces/danger-classifier-model/dataset/THUNDER_STORM_esc50_812.wav,8,THUNDER_STORM,ESC-50,812,3.0
THUNDER_STORM_esc50_637.wav,/workspaces/danger-classifier-model/dataset/THUNDER_STORM_esc50_637.wav,8,THUNDER_STORM,ESC-50,637,3.0
THUNDER_STORM_esc50_811.wav,/workspaces/danger-classifier-model/dataset/THUNDER_STORM_esc50_811.wav,8,THUNDER_STORM,ESC-50,811,3.0
THUNDER_STORM_esc50_881.wav,/workspaces/danger-classifier-model/dataset/THUNDER_STORM_esc50_881.wav,8,THUNDER_STORM,ESC-50,881,4.0
THUNDER_STORM_esc50_1225.wav,/workspaces/danger-classifier-model/dataset/THUNDER_STORM_esc50_1225.wav,8,THUNDER_STORM,ESC-50,1225,4.0
THUNDER_STORM_esc50_1689.wav,/workspaces/danger-classifier-model/dataset/THUNDER_STORM_esc50_1689.wav,8,THUNDER_STORM,ESC-50,1689,4.0
THUNDER_STORM_esc50_424.wav,/workspaces/danger-classifier-model/dataset/THUNDER_STORM_esc50_424.wav,8,THUNDER_STORM,ESC-50,424,4.0
THUNDER_STORM_esc50_126.wav,/workspaces/danger-classifier-model/dataset/THUNDER_STORM_esc50_126.wav,8,THUNDER_STORM,ESC-50,126,5.0
THUNDER_STORM_esc50_634.wav,/workspaces/danger-classifier-model/dataset/THUNDER_STORM_esc50_634.wav,8,THUNDER_STORM,ESC-50,634,5.0
THUNDER_STORM_esc50_965.wav,/workspaces/danger-classifier-model/dataset/THUNDER_STORM_esc50_965.wav,8,THUNDER_STORM,ESC-50,965,5.0
THUNDER_STORM_esc50_127.wav,/workspaces/danger-classifier-model/dataset/THUNDER_STORM_esc50_127.wav,8,THUNDER_STORM,ESC-50,127,5.0
THUNDER_STORM_esc50_1627.wav,/workspaces/danger-classifier-model/dataset/THUNDER_STORM_esc50_1627.wav,8,THUNDER_STORM,ESC-50,1627,6.0
THUNDER_STORM_esc50_639.wav,/workspaces/danger-classifier-model/dataset/THUNDER_STORM_esc50_639.wav,8,THUNDER_STORM,ESC-50,639,6.0
THUNDER_STORM_esc50_425.wav,/workspaces/danger-classifier-model/dataset/THUNDER_STORM_esc50_425.wav,8,THUNDER_STORM,ESC-50,425,6.0
THUNDER_STORM_esc50_1329.wav,/workspaces/danger-classifier-model/dataset/THUNDER_STORM_esc50_1329.wav,8,THUNDER_STORM,ESC-50,1329,6.0
THUNDER_STORM_esc50_966.wav,/workspaces/danger-classifier-model/dataset/THUNDER_STORM_esc50_966.wav,8,THUNDER_STORM,ESC-50,966,7.0
THUNDER_STORM_esc50_1330.wav,/workspaces/danger-classifier-model/dataset/THUNDER_STORM_esc50_1330.wav,8,THUNDER_STORM,ESC-50,1330,7.0
THUNDER_STORM_esc50_809.wav,/workspaces/danger-classifier-model/dataset/THUNDER_STORM_esc50_809.wav,8,THUNDER_STORM,ESC-50,809,7.0
THUNDER_STORM_esc50_1308.wav,/workspaces/danger-classifier-model/dataset/THUNDER_STORM_esc50_1308.wav,8,THUNDER_STORM,ESC-50,1308,7.0
THUNDER_STORM_esc50_1227.wav,/workspaces/danger-classifier-model/dataset/THUNDER_STORM_esc50_1227.wav,8,THUNDER_STORM,ESC-50,1227,8.0
THUNDER_STORM_esc50_810.wav,/workspaces/danger-classifier-model/dataset/THUNDER_STORM_esc50_810.wav,8,THUNDER_STORM,ESC-50,810,8.0
THUNDER_STORM_esc50_884.wav,/workspaces/danger-classifier-model/dataset/THUNDER_STORM_esc50_884.wav,8,THUNDER_STORM,ESC-50,884,8.0
THUNDER_STORM_esc50_638.wav,/workspaces/danger-classifier-model/dataset/THUNDER_STORM_esc50_638.wav,8,THUNDER_STORM,ESC-50,638,8.0
THUNDER_STORM_esc50_5.wav,/workspaces/danger-classifier-model/dataset/THUNDER_STORM_esc50_5.wav,8,THUNDER_STORM,ESC-50,5,9.0
THUNDER_STORM_esc50_1226.wav,/workspaces/danger-classifier-model/dataset/THUNDER_STORM_esc50_1226.wav,8,THUNDER_STORM,ESC-50,1226,9.0
THUNDER_STORM_esc50_1700.wav,/workspaces/danger-classifier-model/dataset/THUNDER_STORM_esc50_1700.wav,8,THUNDER_STORM,ESC-50,1700,9.0
THUNDER_STORM_esc50_128.wav,/workspaces/danger-classifier-model/dataset/THUNDER_STORM_esc50_128.wav,8,THUNDER_STORM,ESC-50,128,9.0
